id,misp_type,category,value_defanged,to_ids,comment,first_seen_report,last_seen_report,report_count,sources
1,AS,Network activity,AS215540,False,Hosting ASN: GLOBAL CONNECTIVITY SOLUTIONS LLP,2025-03-27,2025-03-27,1,esentire_tycoon2fa_2025-03-27.txt
2,domain,Network activity,ablomholti[.]ru,True,Registered domain behind phishing hostnames,2025-03-27,2025-03-27,1,esentire_tycoon2fa_2025-03-27.txt
3,domain,Network activity,aezeib[.]ru,True,Registered domain behind phishing hostnames,2025-03-27,2025-04-10,2,esentire_tycoon2fa_2025-03-27.txt; esentire_tycoon2fa_2025-04-10.txt
4,domain,Network activity,ajcffp[.]ru,True,Registered domain behind phishing hostnames,2025-03-27,2025-04-10,2,esentire_tycoon2fa_2025-03-27.txt; esentire_tycoon2fa_2025-04-10.txt
5,domain,Network activity,aldfphv[.]ru,True,Registered domain behind phishing hostnames,2025-03-27,2025-04-10,2,esentire_tycoon2fa_2025-03-27.txt; esentire_tycoon2fa_2025-04-10.txt
6,domain,Network activity,aldiwe[.]ru,True,Registered domain behind phishing hostnames,2025-04-10,2025-04-10,1,esentire_tycoon2fa_2025-04-10.txt
7,domain,Network activity,aleonanob[.]ru,True,Registered domain behind phishing hostnames,2025-03-27,2025-03-27,1,esentire_tycoon2fa_2025-03-27.txt
8,domain,Network activity,alnaharegypt[.]com,True,Registered domain behind phishing hostnames,2026-03-23,2026-03-23,1,esentire_tycoon2fa_2026-03-23.txt
9,domain,Network activity,auoranest[.]ru,True,Registered domain behind phishing hostnames,2025-03-27,2025-03-27,1,esentire_tycoon2fa_2025-03-27.txt
10,domain,Network activity,biijvi[.]ru,True,Registered domain behind phishing hostnames,2025-03-27,2025-04-10,2,esentire_tycoon2fa_2025-03-27.txt; esentire_tycoon2fa_2025-04-10.txt
11,domain,Network activity,bkjuy[.]ru,True,Registered domain behind phishing hostnames,2025-03-27,2025-03-27,1,esentire_tycoon2fa_2025-03-27.txt
12,domain,Network activity,bnschb[.]ru,True,Registered domain behind phishing hostnames,2025-04-10,2025-04-10,1,esentire_tycoon2fa_2025-04-10.txt
13,domain,Network activity,br-izeffs[.]ru,True,Registered domain behind phishing hostnames,2025-03-27,2025-04-10,2,esentire_tycoon2fa_2025-03-27.txt; esentire_tycoon2fa_2025-04-10.txt
14,domain,Network activity,cethaicro[.]co[.]za,True,Registered domain behind phishing hostnames,2026-03-23,2026-03-23,1,esentire_tycoon2fa_2026-03-23.txt
15,domain,Network activity,cewiobu[.]center,True,Registered domain behind phishing hostnames,2026-03-23,2026-03-23,1,esentire_tycoon2fa_2026-03-23.txt
16,domain,Network activity,civushea[.]sbs,True,Registered domain behind phishing hostnames,2026-03-23,2026-03-23,1,esentire_tycoon2fa_2026-03-23.txt
17,domain,Network activity,craifishi[.]business,True,Registered domain behind phishing hostnames,2026-03-23,2026-03-23,1,esentire_tycoon2fa_2026-03-23.txt
18,domain,Network activity,cretrousteafi[.]icu,True,Registered domain behind phishing hostnames,2026-03-23,2026-03-23,1,esentire_tycoon2fa_2026-03-23.txt
19,domain,Network activity,crimiwa[.]sa[.]com,True,Registered domain behind phishing hostnames,2026-03-23,2026-03-23,1,esentire_tycoon2fa_2026-03-23.txt
20,domain,Network activity,cuisbp[.]ru,True,Registered domain behind phishing hostnames,2025-03-27,2025-04-10,2,esentire_tycoon2fa_2025-03-27.txt; esentire_tycoon2fa_2025-04-10.txt
21,domain,Network activity,djktgj[.]ru,True,Registered domain behind phishing hostnames,2025-03-27,2025-04-10,2,esentire_tycoon2fa_2025-03-27.txt; esentire_tycoon2fa_2025-04-10.txt
22,domain,Network activity,dolmstran[.]ru,True,Registered domain behind phishing hostnames,2025-03-27,2025-03-27,1,esentire_tycoon2fa_2025-03-27.txt
23,domain,Network activity,dralilai[.]beauty,True,Registered domain behind phishing hostnames,2026-03-23,2026-03-23,1,esentire_tycoon2fa_2026-03-23.txt
24,domain,Network activity,drogdordr[.]ru,True,Registered domain behind phishing hostnames,2025-03-27,2025-04-10,2,esentire_tycoon2fa_2025-03-27.txt; esentire_tycoon2fa_2025-04-10.txt
25,domain,Network activity,enoqeg[.]ru,True,Registered domain behind phishing hostnames,2025-03-27,2025-04-10,2,esentire_tycoon2fa_2025-03-27.txt; esentire_tycoon2fa_2025-04-10.txt
26,domain,Network activity,eqgegucq[.]ru,True,Registered domain behind phishing hostnames,2025-03-27,2025-03-27,1,esentire_tycoon2fa_2025-03-27.txt
27,domain,Network activity,fesxtmc[.]com,True,Registered domain behind phishing hostnames,2026-03-23,2026-03-23,1,esentire_tycoon2fa_2026-03-23.txt
28,domain,Network activity,fgaiuin[.]ru,True,Registered domain behind phishing hostnames,2025-03-27,2025-03-27,1,esentire_tycoon2fa_2025-03-27.txt
29,domain,Network activity,freshmnind[.]ru,True,Registered domain behind phishing hostnames,2025-03-27,2025-03-27,1,esentire_tycoon2fa_2025-03-27.txt
30,domain,Network activity,fukbaf[.]ru,True,Registered domain behind phishing hostnames,2025-04-10,2025-04-10,1,esentire_tycoon2fa_2025-04-10.txt
31,domain,Network activity,gadyks[.]ru,True,Registered domain behind phishing hostnames,2025-03-27,2025-04-10,2,esentire_tycoon2fa_2025-03-27.txt; esentire_tycoon2fa_2025-04-10.txt
32,domain,Network activity,gamnfztl[.]ru,True,Registered domain behind phishing hostnames,2025-03-27,2025-03-27,1,esentire_tycoon2fa_2025-03-27.txt
33,domain,Network activity,gijbwpyq[.]ru,True,Registered domain behind phishing hostnames,2025-04-10,2025-04-10,1,esentire_tycoon2fa_2025-04-10.txt
34,domain,Network activity,glatrcisfx[.]ru,True,Registered domain behind phishing hostnames,2025-04-10,2025-04-10,1,esentire_tycoon2fa_2025-04-10.txt
35,domain,Network activity,goowevea[.]digital,True,Registered domain behind phishing hostnames,2026-03-23,2026-03-23,1,esentire_tycoon2fa_2026-03-23.txt
36,domain,Network activity,gqzxtn[.]ru,True,Registered domain behind phishing hostnames,2025-04-10,2025-04-10,1,esentire_tycoon2fa_2025-04-10.txt
37,domain,Network activity,hhswwqz[.]ru,True,Registered domain behind phishing hostnames,2025-03-27,2025-03-27,1,esentire_tycoon2fa_2025-03-27.txt
38,domain,Network activity,hifohd[.]ru,True,Registered domain behind phishing hostnames,2025-03-27,2025-03-27,1,esentire_tycoon2fa_2025-03-27.txt
39,domain,Network activity,hjxjov[.]ru,True,Registered domain behind phishing hostnames,2025-03-27,2025-04-10,2,esentire_tycoon2fa_2025-03-27.txt; esentire_tycoon2fa_2025-04-10.txt
40,domain,Network activity,horestnou[.]ru,True,Registered domain behind phishing hostnames,2025-03-27,2025-03-27,1,esentire_tycoon2fa_2025-03-27.txt
41,domain,Network activity,hqfyed[.]ru,True,Registered domain behind phishing hostnames,2025-03-27,2025-04-10,2,esentire_tycoon2fa_2025-03-27.txt; esentire_tycoon2fa_2025-04-10.txt
42,domain,Network activity,hxnywi[.]ru,True,Registered domain behind phishing hostnames,2025-03-27,2025-04-10,2,esentire_tycoon2fa_2025-03-27.txt; esentire_tycoon2fa_2025-04-10.txt
43,domain,Network activity,idmquc[.]ru,True,Registered domain behind phishing hostnames,2025-04-10,2025-04-10,1,esentire_tycoon2fa_2025-04-10.txt
44,domain,Network activity,ifxyyqczjm[.]ru,True,Registered domain behind phishing hostnames,2025-03-27,2025-03-27,1,esentire_tycoon2fa_2025-03-27.txt
45,domain,Network activity,jaamzjd[.]ru,True,Registered domain behind phishing hostnames,2025-03-27,2025-04-10,2,esentire_tycoon2fa_2025-03-27.txt; esentire_tycoon2fa_2025-04-10.txt
46,domain,Network activity,jadubo[.]courses,True,Registered domain behind phishing hostnames,2026-03-23,2026-03-23,1,esentire_tycoon2fa_2026-03-23.txt
47,domain,Network activity,jbvlyhre[.]ru,True,Registered domain behind phishing hostnames,2025-03-27,2025-03-27,1,esentire_tycoon2fa_2025-03-27.txt
48,domain,Network activity,jnfemo[.]ru,True,Registered domain behind phishing hostnames,2025-03-27,2025-04-10,2,esentire_tycoon2fa_2025-03-27.txt; esentire_tycoon2fa_2025-04-10.txt
49,domain,Network activity,jokxocpy[.]ru,True,Registered domain behind phishing hostnames,2025-03-27,2025-03-27,1,esentire_tycoon2fa_2025-03-27.txt
50,domain,Network activity,kdyukk[.]ru,True,Registered domain behind phishing hostnames,2025-03-27,2025-04-10,2,esentire_tycoon2fa_2025-03-27.txt; esentire_tycoon2fa_2025-04-10.txt
51,domain,Network activity,kolivax[.]ru,True,Registered domain behind phishing hostnames,2025-03-27,2025-03-27,1,esentire_tycoon2fa_2025-03-27.txt
52,domain,Network activity,kouvadre[.]ink,True,Registered domain behind phishing hostnames,2026-03-23,2026-03-23,1,esentire_tycoon2fa_2026-03-23.txt
53,domain,Network activity,kqnsgn[.]ru,True,Registered domain behind phishing hostnames,2025-04-10,2025-04-10,1,esentire_tycoon2fa_2025-04-10.txt
54,domain,Network activity,kxazpjep[.]ru,True,Registered domain behind phishing hostnames,2025-03-27,2025-04-10,2,esentire_tycoon2fa_2025-03-27.txt; esentire_tycoon2fa_2025-04-10.txt
55,domain,Network activity,lnlwyw[.]ru,True,Registered domain behind phishing hostnames,2025-04-10,2025-04-10,1,esentire_tycoon2fa_2025-04-10.txt
56,domain,Network activity,lqeofyxipv[.]ru,True,Registered domain behind phishing hostnames,2025-04-10,2025-04-10,1,esentire_tycoon2fa_2025-04-10.txt
57,domain,Network activity,lxkmxykopx[.]ru,True,Registered domain behind phishing hostnames,2025-03-27,2025-03-27,1,esentire_tycoon2fa_2025-03-27.txt
58,domain,Network activity,mftvowd[.]ru,True,Registered domain behind phishing hostnames,2025-03-27,2025-04-10,2,esentire_tycoon2fa_2025-03-27.txt; esentire_tycoon2fa_2025-04-10.txt
59,domain,Network activity,mlniojjrwm[.]ru,True,Registered domain behind phishing hostnames,2025-04-10,2025-04-10,1,esentire_tycoon2fa_2025-04-10.txt
60,domain,Network activity,mzwxwdjyr[.]ru,True,Registered domain behind phishing hostnames,2025-03-27,2025-03-27,1,esentire_tycoon2fa_2025-03-27.txt
61,domain,Network activity,nigafo[.]download,True,Registered domain behind phishing hostnames,2026-03-23,2026-03-23,1,esentire_tycoon2fa_2026-03-23.txt
62,domain,Network activity,nmpjkg[.]ru,True,Registered domain behind phishing hostnames,2025-03-27,2025-04-10,2,esentire_tycoon2fa_2025-03-27.txt; esentire_tycoon2fa_2025-04-10.txt
63,domain,Network activity,noyaidetipio[.]qpon,True,Registered domain behind phishing hostnames,2026-03-23,2026-03-23,1,esentire_tycoon2fa_2026-03-23.txt
64,domain,Network activity,ntityptatury[.]ru,True,Registered domain behind phishing hostnames,2025-03-27,2025-03-27,1,esentire_tycoon2fa_2025-03-27.txt
65,domain,Network activity,ntonteral[.]ru,True,Registered domain behind phishing hostnames,2025-03-27,2025-04-10,2,esentire_tycoon2fa_2025-03-27.txt; esentire_tycoon2fa_2025-04-10.txt
66,domain,Network activity,olnisa[.]ru,True,Registered domain behind phishing hostnames,2025-03-27,2025-03-27,1,esentire_tycoon2fa_2025-03-27.txt
67,domain,Network activity,oneyelato[.]ru,True,Registered domain behind phishing hostnames,2025-03-27,2025-03-27,1,esentire_tycoon2fa_2025-03-27.txt
68,domain,Network activity,osejonco[.]ru,True,Registered domain behind phishing hostnames,2025-03-27,2025-03-27,1,esentire_tycoon2fa_2025-03-27.txt
69,domain,Network activity,oustiono[.]ru,True,Registered domain behind phishing hostnames,2025-03-27,2025-04-10,2,esentire_tycoon2fa_2025-03-27.txt; esentire_tycoon2fa_2025-04-10.txt
70,domain,Network activity,pdglkps[.]ru,True,Registered domain behind phishing hostnames,2025-03-27,2025-03-27,1,esentire_tycoon2fa_2025-03-27.txt
71,domain,Network activity,pdpdocja[.]ru,True,Registered domain behind phishing hostnames,2025-03-27,2025-03-27,1,esentire_tycoon2fa_2025-03-27.txt
72,domain,Network activity,petristifrouja[.]bar,True,Registered domain behind phishing hostnames,2026-03-23,2026-03-23,1,esentire_tycoon2fa_2026-03-23.txt
73,domain,Network activity,pnkptj[.]ru,True,Registered domain behind phishing hostnames,2025-03-27,2025-04-10,2,esentire_tycoon2fa_2025-03-27.txt; esentire_tycoon2fa_2025-04-10.txt
74,domain,Network activity,purpxqha[.]ru,True,Registered domain behind phishing hostnames,2025-04-10,2025-04-10,1,esentire_tycoon2fa_2025-04-10.txt
75,domain,Network activity,qakaco[.]ru,True,Registered domain behind phishing hostnames,2025-03-27,2025-04-10,2,esentire_tycoon2fa_2025-03-27.txt; esentire_tycoon2fa_2025-04-10.txt
76,domain,Network activity,qlujwb[.]ru,True,Registered domain behind phishing hostnames,2025-04-10,2025-04-10,1,esentire_tycoon2fa_2025-04-10.txt
77,domain,Network activity,r2g69i65d[.]ru,True,Registered domain behind phishing hostnames,2025-03-27,2025-03-27,1,esentire_tycoon2fa_2025-03-27.txt
78,domain,Network activity,reafraiyousteaga[.]qpon,True,Registered domain behind phishing hostnames,2026-03-23,2026-03-23,1,esentire_tycoon2fa_2026-03-23.txt
79,domain,Network activity,remidro[.]ru,True,Registered domain behind phishing hostnames,2025-03-27,2025-03-27,1,esentire_tycoon2fa_2025-03-27.txt
80,domain,Network activity,revishbos[.]ru,True,Registered domain behind phishing hostnames,2025-03-27,2025-04-10,2,esentire_tycoon2fa_2025-03-27.txt; esentire_tycoon2fa_2025-04-10.txt
81,domain,Network activity,rifoupoumeshoo[.]club,True,Registered domain behind phishing hostnames,2026-03-23,2026-03-23,1,esentire_tycoon2fa_2026-03-23.txt
82,domain,Network activity,rknqkmex[.]ru,True,Registered domain behind phishing hostnames,2025-03-27,2025-03-27,1,esentire_tycoon2fa_2025-03-27.txt
83,domain,Network activity,roedgentewca[.]ru,True,Registered domain behind phishing hostnames,2025-03-27,2025-03-27,1,esentire_tycoon2fa_2025-03-27.txt
84,domain,Network activity,roowothonio[.]cyou,True,Registered domain behind phishing hostnames,2026-03-23,2026-03-23,1,esentire_tycoon2fa_2026-03-23.txt
85,domain,Network activity,rupjpnsj[.]ru,True,Registered domain behind phishing hostnames,2025-03-27,2025-03-27,1,esentire_tycoon2fa_2025-03-27.txt
86,domain,Network activity,shailoyio[.]com,True,Registered domain behind phishing hostnames,2026-03-23,2026-03-23,1,esentire_tycoon2fa_2026-03-23.txt
87,domain,Network activity,shoomoweajai[.]cyou,True,Registered domain behind phishing hostnames,2026-03-23,2026-03-23,1,esentire_tycoon2fa_2026-03-23.txt
88,domain,Network activity,shoupeatai[.]com,True,Registered domain behind phishing hostnames,2026-03-23,2026-03-23,1,esentire_tycoon2fa_2026-03-23.txt
89,domain,Network activity,shustoufraithookea[.]qpon,True,Registered domain behind phishing hostnames,2026-03-23,2026-03-23,1,esentire_tycoon2fa_2026-03-23.txt
90,domain,Network activity,sistaidru[.]com,True,Registered domain behind phishing hostnames,2026-03-23,2026-03-23,1,esentire_tycoon2fa_2026-03-23.txt
91,domain,Network activity,skfqca[.]ru,True,Registered domain behind phishing hostnames,2025-03-27,2025-04-10,2,esentire_tycoon2fa_2025-03-27.txt; esentire_tycoon2fa_2025-04-10.txt
92,domain,Network activity,stadrourea[.]ru,True,Registered domain behind phishing hostnames,2026-03-23,2026-03-23,1,esentire_tycoon2fa_2026-03-23.txt
93,domain,Network activity,teashaboulouve[.]qpon,True,Registered domain behind phishing hostnames,2026-03-23,2026-03-23,1,esentire_tycoon2fa_2026-03-23.txt
94,domain,Network activity,tehipio[.]ink,True,Registered domain behind phishing hostnames,2026-03-23,2026-03-23,1,esentire_tycoon2fa_2026-03-23.txt
95,domain,Network activity,thobewoofricrou[.]qpon,True,Registered domain behind phishing hostnames,2026-03-23,2026-03-23,1,esentire_tycoon2fa_2026-03-23.txt
96,domain,Network activity,thougai[.]beer,True,Registered domain behind phishing hostnames,2026-03-23,2026-03-23,1,esentire_tycoon2fa_2026-03-23.txt
97,domain,Network activity,threaw[.]ru,True,Registered domain behind phishing hostnames,2025-03-27,2025-03-27,1,esentire_tycoon2fa_2025-03-27.txt
98,domain,Network activity,tjezyf[.]ru,True,Registered domain behind phishing hostnames,2025-03-27,2025-04-10,2,esentire_tycoon2fa_2025-03-27.txt; esentire_tycoon2fa_2025-04-10.txt
99,domain,Network activity,tljepz[.]ru,True,Registered domain behind phishing hostnames,2025-04-10,2025-04-10,1,esentire_tycoon2fa_2025-04-10.txt
100,domain,Network activity,toliviraxen[.]ru,True,Registered domain behind phishing hostnames,2025-03-27,2025-03-27,1,esentire_tycoon2fa_2025-03-27.txt
101,domain,Network activity,toushatou[.]beauty,True,Registered domain behind phishing hostnames,2026-03-23,2026-03-23,1,esentire_tycoon2fa_2026-03-23.txt
102,domain,Network activity,tracroo[.]it[.]com,True,Registered domain behind phishing hostnames,2026-03-23,2026-03-23,1,esentire_tycoon2fa_2026-03-23.txt
103,domain,Network activity,traibiru[.]world,True,Registered domain behind phishing hostnames,2026-03-23,2026-03-23,1,esentire_tycoon2fa_2026-03-23.txt
104,domain,Network activity,tundabloom[.]ru,True,Registered domain behind phishing hostnames,2025-03-27,2025-03-27,1,esentire_tycoon2fa_2025-03-27.txt
105,domain,Network activity,tzgozx[.]ru,True,Registered domain behind phishing hostnames,2025-03-27,2025-04-10,2,esentire_tycoon2fa_2025-03-27.txt; esentire_tycoon2fa_2025-04-10.txt
106,domain,Network activity,udxbjl[.]ru,True,Registered domain behind phishing hostnames,2025-04-10,2025-04-10,1,esentire_tycoon2fa_2025-04-10.txt
107,domain,Network activity,uishkfyv[.]ru,True,Registered domain behind phishing hostnames,2025-04-10,2025-04-10,1,esentire_tycoon2fa_2025-04-10.txt
108,domain,Network activity,ujyzpa[.]ru,True,Registered domain behind phishing hostnames,2025-03-27,2025-03-27,1,esentire_tycoon2fa_2025-03-27.txt
109,domain,Network activity,ulxmrerpi[.]ru,True,Registered domain behind phishing hostnames,2025-03-27,2025-03-27,1,esentire_tycoon2fa_2025-03-27.txt
110,domain,Network activity,v-bnhatn[.]ru,True,Registered domain behind phishing hostnames,2025-03-27,2025-04-10,2,esentire_tycoon2fa_2025-03-27.txt; esentire_tycoon2fa_2025-04-10.txt
111,domain,Network activity,vaikaza[.]sa[.]com,True,Registered domain behind phishing hostnames,2026-03-23,2026-03-23,1,esentire_tycoon2fa_2026-03-23.txt
112,domain,Network activity,virbutr[.]ru,True,Registered domain behind phishing hostnames,2025-03-27,2025-04-10,2,esentire_tycoon2fa_2025-03-27.txt; esentire_tycoon2fa_2025-04-10.txt
113,domain,Network activity,visitern[.]ru,True,Registered domain behind phishing hostnames,2025-04-10,2025-04-10,1,esentire_tycoon2fa_2025-04-10.txt
114,domain,Network activity,viugbu[.]ru,True,Registered domain behind phishing hostnames,2025-04-10,2025-04-10,1,esentire_tycoon2fa_2025-04-10.txt
115,domain,Network activity,vocalentr[.]ru,True,Registered domain behind phishing hostnames,2025-03-27,2025-03-27,1,esentire_tycoon2fa_2025-03-27.txt
116,domain,Network activity,vsmaemhjvk[.]ru,True,Registered domain behind phishing hostnames,2025-03-27,2025-03-27,1,esentire_tycoon2fa_2025-03-27.txt
117,domain,Network activity,vxmeszv[.]ru,True,Registered domain behind phishing hostnames,2025-03-27,2025-04-10,2,esentire_tycoon2fa_2025-03-27.txt; esentire_tycoon2fa_2025-04-10.txt
118,domain,Network activity,warthydri[.]ru,True,Registered domain behind phishing hostnames,2025-03-27,2025-04-10,2,esentire_tycoon2fa_2025-03-27.txt; esentire_tycoon2fa_2025-04-10.txt
119,domain,Network activity,watcqbht[.]ru,True,Registered domain behind phishing hostnames,2025-03-27,2025-03-27,1,esentire_tycoon2fa_2025-03-27.txt
120,domain,Network activity,widoupoo[.]network,True,Registered domain behind phishing hostnames,2026-03-23,2026-03-23,1,esentire_tycoon2fa_2026-03-23.txt
121,domain,Network activity,wildbberis[.]ru,True,Registered domain behind phishing hostnames,2025-03-27,2025-03-27,1,esentire_tycoon2fa_2025-03-27.txt
122,domain,Network activity,wqaaslir[.]ru,True,Registered domain behind phishing hostnames,2025-03-27,2025-04-10,2,esentire_tycoon2fa_2025-03-27.txt; esentire_tycoon2fa_2025-04-10.txt
123,domain,Network activity,xcsyiuul[.]ru,True,Registered domain behind phishing hostnames,2025-03-27,2025-03-27,1,esentire_tycoon2fa_2025-03-27.txt
124,domain,Network activity,xvfzhzri[.]ru,True,Registered domain behind phishing hostnames,2025-03-27,2025-04-10,2,esentire_tycoon2fa_2025-03-27.txt; esentire_tycoon2fa_2025-04-10.txt
125,domain,Network activity,yazvbqkl[.]ru,True,Registered domain behind phishing hostnames,2025-03-27,2025-03-27,1,esentire_tycoon2fa_2025-03-27.txt
126,domain,Network activity,yedrene[.]best,True,Registered domain behind phishing hostnames,2026-03-23,2026-03-23,1,esentire_tycoon2fa_2026-03-23.txt
127,domain,Network activity,yioso[.]beer,True,Registered domain behind phishing hostnames,2026-03-23,2026-03-23,1,esentire_tycoon2fa_2026-03-23.txt
128,domain,Network activity,yljdimage[.]com,True,Registered domain behind phishing hostnames,2026-03-23,2026-03-23,1,esentire_tycoon2fa_2026-03-23.txt
129,domain,Network activity,ytnynj[.]ru,True,Registered domain behind phishing hostnames,2025-04-10,2025-04-10,1,esentire_tycoon2fa_2025-04-10.txt
130,domain,Network activity,zktrgom[.]ru,True,Registered domain behind phishing hostnames,2025-03-27,2025-03-27,1,esentire_tycoon2fa_2025-03-27.txt
131,domain,Network activity,zpimlc[.]ru,True,Registered domain behind phishing hostnames,2025-04-10,2025-04-10,1,esentire_tycoon2fa_2025-04-10.txt
132,domain,Network activity,zvaznx[.]ru,True,Registered domain behind phishing hostnames,2025-03-27,2025-04-10,2,esentire_tycoon2fa_2025-03-27.txt; esentire_tycoon2fa_2025-04-10.txt
133,filename,Payload delivery,pages-godaddy.css,False,CSS reused across cloned login pages,2024-03-25,2024-03-25,1,Sekoia public reporting
134,filename,Payload delivery,pages-okta.css,False,CSS reused across cloned login pages,2024-03-25,2024-03-25,1,Sekoia public reporting
135,filename-pattern,Payload delivery,myscr[0-9]{6}\.js,True,Obfuscated JS payload naming pattern,2025-04,2025-04,1,Sekoia / Trustwave public reporting
136,hostname,Network activity,0fwkme[.]nmpjkg[.]ru,True,Phishing hostname,2025-04-10,2025-04-10,1,esentire_tycoon2fa_2025-04-10.txt
137,hostname,Network activity,0ji5o[.]drogdordr[.]ru,True,Phishing hostname,2025-03-27,2025-04-10,2,esentire_tycoon2fa_2025-03-27.txt; esentire_tycoon2fa_2025-04-10.txt
138,hostname,Network activity,0ku58[.]udxbjl[.]ru,True,Phishing hostname,2025-04-10,2025-04-10,1,esentire_tycoon2fa_2025-04-10.txt
139,hostname,Network activity,0ssnm[.]nmpjkg[.]ru,True,Phishing hostname,2025-03-27,2025-04-10,2,esentire_tycoon2fa_2025-03-27.txt; esentire_tycoon2fa_2025-04-10.txt
140,hostname,Network activity,0w1fcb[.]lnlwyw[.]ru,True,Phishing hostname,2025-04-10,2025-04-10,1,esentire_tycoon2fa_2025-04-10.txt
141,hostname,Network activity,1fp[.]rupjpnsj[.]ru,True,Phishing hostname,2025-03-27,2025-03-27,1,esentire_tycoon2fa_2025-03-27.txt
142,hostname,Network activity,2j6sy7[.]bnschb[.]ru,True,Phishing hostname,2025-04-10,2025-04-10,1,esentire_tycoon2fa_2025-04-10.txt
143,hostname,Network activity,2ktug4[.]gijbwpyq[.]ru,True,Phishing hostname,2025-04-10,2025-04-10,1,esentire_tycoon2fa_2025-04-10.txt
144,hostname,Network activity,2m3jg[.]zpimlc[.]ru,True,Phishing hostname,2025-04-10,2025-04-10,1,esentire_tycoon2fa_2025-04-10.txt
145,hostname,Network activity,2tduo1[.]kxazpjep[.]ru,True,Phishing hostname,2025-03-27,2025-04-10,2,esentire_tycoon2fa_2025-03-27.txt; esentire_tycoon2fa_2025-04-10.txt
146,hostname,Network activity,2u13[.]dolmstran[.]ru,True,Phishing hostname,2025-03-27,2025-03-27,1,esentire_tycoon2fa_2025-03-27.txt
147,hostname,Network activity,36t[.]cuisbp[.]ru,True,Phishing hostname,2025-04-10,2025-04-10,1,esentire_tycoon2fa_2025-04-10.txt
148,hostname,Network activity,3pe0x[.]zvaznx[.]ru,True,Phishing hostname,2025-03-27,2025-04-10,2,esentire_tycoon2fa_2025-03-27.txt; esentire_tycoon2fa_2025-04-10.txt
149,hostname,Network activity,41j[.]gqzxtn[.]ru,True,Phishing hostname,2025-04-10,2025-04-10,1,esentire_tycoon2fa_2025-04-10.txt
150,hostname,Network activity,43yo[.]visitern[.]ru,True,Phishing hostname,2025-04-10,2025-04-10,1,esentire_tycoon2fa_2025-04-10.txt
151,hostname,Network activity,46o[.]djktgj[.]ru,True,Phishing hostname,2025-04-10,2025-04-10,1,esentire_tycoon2fa_2025-04-10.txt
152,hostname,Network activity,4d[.]ujyzpa[.]ru,True,Phishing hostname,2025-03-27,2025-03-27,1,esentire_tycoon2fa_2025-03-27.txt
153,hostname,Network activity,4h7rue[.]mlniojjrwm[.]ru,True,Phishing hostname,2025-04-10,2025-04-10,1,esentire_tycoon2fa_2025-04-10.txt
154,hostname,Network activity,4i94y[.]fukbaf[.]ru,True,Phishing hostname,2025-04-10,2025-04-10,1,esentire_tycoon2fa_2025-04-10.txt
155,hostname,Network activity,4rs9io[.]bkjuy[.]ru,True,Phishing hostname,2025-03-27,2025-03-27,1,esentire_tycoon2fa_2025-03-27.txt
156,hostname,Network activity,5ip[.]gijbwpyq[.]ru,True,Phishing hostname,2025-04-10,2025-04-10,1,esentire_tycoon2fa_2025-04-10.txt
157,hostname,Network activity,5pl[.]ifxyyqczjm[.]ru,True,Phishing hostname,2025-03-27,2025-03-27,1,esentire_tycoon2fa_2025-03-27.txt
158,hostname,Network activity,6dje[.]aezeib[.]ru,True,Phishing hostname,2025-03-27,2025-04-10,2,esentire_tycoon2fa_2025-03-27.txt; esentire_tycoon2fa_2025-04-10.txt
159,hostname,Network activity,6pavoh[.]gadyks[.]ru,True,Phishing hostname,2025-04-10,2025-04-10,1,esentire_tycoon2fa_2025-04-10.txt
160,hostname,Network activity,70ocsr[.]kdyukk[.]ru,True,Phishing hostname,2025-03-27,2025-04-10,2,esentire_tycoon2fa_2025-03-27.txt; esentire_tycoon2fa_2025-04-10.txt
161,hostname,Network activity,71wv0[.]bnschb[.]ru,True,Phishing hostname,2025-04-10,2025-04-10,1,esentire_tycoon2fa_2025-04-10.txt
162,hostname,Network activity,78xp[.]kqnsgn[.]ru,True,Phishing hostname,2025-04-10,2025-04-10,1,esentire_tycoon2fa_2025-04-10.txt
163,hostname,Network activity,7925[.]xvfzhzri[.]ru,True,Phishing hostname,2025-03-27,2025-04-10,2,esentire_tycoon2fa_2025-03-27.txt; esentire_tycoon2fa_2025-04-10.txt
164,hostname,Network activity,7cjt[.]mlniojjrwm[.]ru,True,Phishing hostname,2025-04-10,2025-04-10,1,esentire_tycoon2fa_2025-04-10.txt
165,hostname,Network activity,7iikc[.]bnschb[.]ru,True,Phishing hostname,2025-04-10,2025-04-10,1,esentire_tycoon2fa_2025-04-10.txt
166,hostname,Network activity,7r[.]oneyelato[.]ru,True,Phishing hostname,2025-03-27,2025-03-27,1,esentire_tycoon2fa_2025-03-27.txt
167,hostname,Network activity,91bl0[.]tjezyf[.]ru,True,Phishing hostname,2025-03-27,2025-04-10,2,esentire_tycoon2fa_2025-03-27.txt; esentire_tycoon2fa_2025-04-10.txt
168,hostname,Network activity,99t[.]vocalentr[.]ru,True,Phishing hostname,2025-03-27,2025-03-27,1,esentire_tycoon2fa_2025-03-27.txt
169,hostname,Network activity,9av[.]zktrgom[.]ru,True,Phishing hostname,2025-03-27,2025-03-27,1,esentire_tycoon2fa_2025-03-27.txt
170,hostname,Network activity,9hal[.]zpimlc[.]ru,True,Phishing hostname,2025-04-10,2025-04-10,1,esentire_tycoon2fa_2025-04-10.txt
171,hostname,Network activity,a0ucy[.]gijbwpyq[.]ru,True,Phishing hostname,2025-04-10,2025-04-10,1,esentire_tycoon2fa_2025-04-10.txt
172,hostname,Network activity,a7uuy[.]cuisbp[.]ru,True,Phishing hostname,2025-04-10,2025-04-10,1,esentire_tycoon2fa_2025-04-10.txt
173,hostname,Network activity,aajauy[.]ytnynj[.]ru,True,Phishing hostname,2025-04-10,2025-04-10,1,esentire_tycoon2fa_2025-04-10.txt
174,hostname,Network activity,aik[.]threaw[.]ru,True,Phishing hostname,2025-03-27,2025-03-27,1,esentire_tycoon2fa_2025-03-27.txt
175,hostname,Network activity,alchoi[.]udxbjl[.]ru,True,Phishing hostname,2025-04-10,2025-04-10,1,esentire_tycoon2fa_2025-04-10.txt
176,hostname,Network activity,anh8g6[.]zvaznx[.]ru,True,Phishing hostname,2025-03-27,2025-04-10,2,esentire_tycoon2fa_2025-03-27.txt; esentire_tycoon2fa_2025-04-10.txt
177,hostname,Network activity,ap[.]ablomholti[.]ru,True,Phishing hostname,2025-03-27,2025-03-27,1,esentire_tycoon2fa_2025-03-27.txt
178,hostname,Network activity,arr[.]pnkptj[.]ru,True,Phishing hostname,2025-04-10,2025-04-10,1,esentire_tycoon2fa_2025-04-10.txt
179,hostname,Network activity,artist[.]yedrene[.]best,True,Phishing hostname,2026-03-23,2026-03-23,1,esentire_tycoon2fa_2026-03-23.txt
180,hostname,Network activity,as65cj[.]crimiwa[.]sa[.]com,True,Phishing hostname,2026-03-23,2026-03-23,1,esentire_tycoon2fa_2026-03-23.txt
181,hostname,Network activity,asw[.]cretrousteafi[.]icu,True,Phishing hostname,2026-03-23,2026-03-23,1,esentire_tycoon2fa_2026-03-23.txt
182,hostname,Network activity,b2qky[.]vxmeszv[.]ru,True,Phishing hostname,2025-03-27,2025-04-10,2,esentire_tycoon2fa_2025-03-27.txt; esentire_tycoon2fa_2025-04-10.txt
183,hostname,Network activity,b7vdo5[.]ajcffp[.]ru,True,Phishing hostname,2025-03-27,2025-04-10,2,esentire_tycoon2fa_2025-03-27.txt; esentire_tycoon2fa_2025-04-10.txt
184,hostname,Network activity,bay[.]rifoupoumeshoo[.]club,True,Phishing hostname,2026-03-23,2026-03-23,1,esentire_tycoon2fa_2026-03-23.txt
185,hostname,Network activity,bftzm2[.]lqeofyxipv[.]ru,True,Phishing hostname,2025-04-10,2025-04-10,1,esentire_tycoon2fa_2025-04-10.txt
186,hostname,Network activity,bt1fy0[.]ajcffp[.]ru,True,Phishing hostname,2025-03-27,2025-04-10,2,esentire_tycoon2fa_2025-03-27.txt; esentire_tycoon2fa_2025-04-10.txt
187,hostname,Network activity,btup[.]tjezyf[.]ru,True,Phishing hostname,2025-03-27,2025-04-10,2,esentire_tycoon2fa_2025-03-27.txt; esentire_tycoon2fa_2025-04-10.txt
188,hostname,Network activity,bvmugq[.]tjezyf[.]ru,True,Phishing hostname,2025-03-27,2025-04-10,2,esentire_tycoon2fa_2025-03-27.txt; esentire_tycoon2fa_2025-04-10.txt
189,hostname,Network activity,bvpg7[.]aezeib[.]ru,True,Phishing hostname,2025-03-27,2025-04-10,2,esentire_tycoon2fa_2025-03-27.txt; esentire_tycoon2fa_2025-04-10.txt
190,hostname,Network activity,bxfy[.]oustiono[.]ru,True,Phishing hostname,2025-03-27,2025-04-10,2,esentire_tycoon2fa_2025-03-27.txt; esentire_tycoon2fa_2025-04-10.txt
191,hostname,Network activity,c2uah[.]yazvbqkl[.]ru,True,Phishing hostname,2025-03-27,2025-03-27,1,esentire_tycoon2fa_2025-03-27.txt
192,hostname,Network activity,c4s1[.]ytnynj[.]ru,True,Phishing hostname,2025-04-10,2025-04-10,1,esentire_tycoon2fa_2025-04-10.txt
193,hostname,Network activity,capital[.]yljdimage[.]com,True,Phishing hostname,2026-03-23,2026-03-23,1,esentire_tycoon2fa_2026-03-23.txt
194,hostname,Network activity,cedar[.]cethaicro[.]co[.]za,True,Phishing hostname,2026-03-23,2026-03-23,1,esentire_tycoon2fa_2026-03-23.txt
195,hostname,Network activity,chain[.]toushatou[.]beauty,True,Phishing hostname,2026-03-23,2026-03-23,1,esentire_tycoon2fa_2026-03-23.txt
196,hostname,Network activity,chair[.]shustoufraithookea[.]qpon,True,Phishing hostname,2026-03-23,2026-03-23,1,esentire_tycoon2fa_2026-03-23.txt
197,hostname,Network activity,chart[.]nigafo[.]download,True,Phishing hostname,2026-03-23,2026-03-23,1,esentire_tycoon2fa_2026-03-23.txt
198,hostname,Network activity,cloud[.]shailoyio[.]com,True,Phishing hostname,2026-03-23,2026-03-23,1,esentire_tycoon2fa_2026-03-23.txt
199,hostname,Network activity,coat[.]jadubo[.]courses,True,Phishing hostname,2026-03-23,2026-03-23,1,esentire_tycoon2fa_2026-03-23.txt
200,hostname,Network activity,coc1h1[.]qakaco[.]ru,True,Phishing hostname,2025-03-27,2025-04-10,2,esentire_tycoon2fa_2025-03-27.txt; esentire_tycoon2fa_2025-04-10.txt
201,hostname,Network activity,college[.]petristifrouja[.]bar,True,Phishing hostname,2026-03-23,2026-03-23,1,esentire_tycoon2fa_2026-03-23.txt
202,hostname,Network activity,colombia[.]shoomoweajai[.]cyou,True,Phishing hostname,2026-03-23,2026-03-23,1,esentire_tycoon2fa_2026-03-23.txt
203,hostname,Network activity,cpus[.]hhswwqz[.]ru,True,Phishing hostname,2025-03-27,2025-03-27,1,esentire_tycoon2fa_2025-03-27.txt
204,hostname,Network activity,cruise[.]reafraiyousteaga[.]qpon,True,Phishing hostname,2026-03-23,2026-03-23,1,esentire_tycoon2fa_2026-03-23.txt
205,hostname,Network activity,d42[.]hqfyed[.]ru,True,Phishing hostname,2025-03-27,2025-04-10,2,esentire_tycoon2fa_2025-03-27.txt; esentire_tycoon2fa_2025-04-10.txt
206,hostname,Network activity,da[.]roedgentewca[.]ru,True,Phishing hostname,2025-03-27,2025-03-27,1,esentire_tycoon2fa_2025-03-27.txt
207,hostname,Network activity,dao[.]civushea[.]sbs,True,Phishing hostname,2026-03-23,2026-03-23,1,esentire_tycoon2fa_2026-03-23.txt
208,hostname,Network activity,dfzr8b[.]ytnynj[.]ru,True,Phishing hostname,2025-04-10,2025-04-10,1,esentire_tycoon2fa_2025-04-10.txt
209,hostname,Network activity,donation[.]cewiobu[.]center,True,Phishing hostname,2026-03-23,2026-03-23,1,esentire_tycoon2fa_2026-03-23.txt
210,hostname,Network activity,dt[.]remidro[.]ru,True,Phishing hostname,2025-03-27,2025-03-27,1,esentire_tycoon2fa_2025-03-27.txt
211,hostname,Network activity,dubai[.]vaikaza[.]sa[.]com,True,Phishing hostname,2026-03-23,2026-03-23,1,esentire_tycoon2fa_2026-03-23.txt
212,hostname,Network activity,dud9[.]nmpjkg[.]ru,True,Phishing hostname,2025-03-27,2025-04-10,2,esentire_tycoon2fa_2025-03-27.txt; esentire_tycoon2fa_2025-04-10.txt
213,hostname,Network activity,dzuj[.]aezeib[.]ru,True,Phishing hostname,2025-03-27,2025-04-10,2,esentire_tycoon2fa_2025-03-27.txt; esentire_tycoon2fa_2025-04-10.txt
214,hostname,Network activity,e[.]goowevea[.]digital,True,Phishing hostname,2026-03-23,2026-03-23,1,esentire_tycoon2fa_2026-03-23.txt
215,hostname,Network activity,e6gl[.]lqeofyxipv[.]ru,True,Phishing hostname,2025-04-10,2025-04-10,1,esentire_tycoon2fa_2025-04-10.txt
216,hostname,Network activity,ed47[.]eqgegucq[.]ru,True,Phishing hostname,2025-03-27,2025-03-27,1,esentire_tycoon2fa_2025-03-27.txt
217,hostname,Network activity,eevgd[.]djktgj[.]ru,True,Phishing hostname,2025-03-27,2025-04-10,2,esentire_tycoon2fa_2025-03-27.txt; esentire_tycoon2fa_2025-04-10.txt
218,hostname,Network activity,egeb[.]lnlwyw[.]ru,True,Phishing hostname,2025-04-10,2025-04-10,1,esentire_tycoon2fa_2025-04-10.txt
219,hostname,Network activity,eurxo[.]hxnywi[.]ru,True,Phishing hostname,2025-03-27,2025-04-10,2,esentire_tycoon2fa_2025-03-27.txt; esentire_tycoon2fa_2025-04-10.txt
220,hostname,Network activity,f1mifn[.]ajcffp[.]ru,True,Phishing hostname,2025-03-27,2025-04-10,2,esentire_tycoon2fa_2025-03-27.txt; esentire_tycoon2fa_2025-04-10.txt
221,hostname,Network activity,fax4d[.]kdyukk[.]ru,True,Phishing hostname,2025-03-27,2025-04-10,2,esentire_tycoon2fa_2025-03-27.txt; esentire_tycoon2fa_2025-04-10.txt
222,hostname,Network activity,fl82g[.]gadyks[.]ru,True,Phishing hostname,2025-03-27,2025-04-10,2,esentire_tycoon2fa_2025-03-27.txt; esentire_tycoon2fa_2025-04-10.txt
223,hostname,Network activity,flirpg[.]nmpjkg[.]ru,True,Phishing hostname,2025-03-27,2025-04-10,2,esentire_tycoon2fa_2025-03-27.txt; esentire_tycoon2fa_2025-04-10.txt
224,hostname,Network activity,fupz5[.]cuisbp[.]ru,True,Phishing hostname,2025-03-27,2025-04-10,2,esentire_tycoon2fa_2025-03-27.txt; esentire_tycoon2fa_2025-04-10.txt
225,hostname,Network activity,g1t[.]kolivax[.]ru,True,Phishing hostname,2025-03-27,2025-03-27,1,esentire_tycoon2fa_2025-03-27.txt
226,hostname,Network activity,g7[.]horestnou[.]ru,True,Phishing hostname,2025-03-27,2025-03-27,1,esentire_tycoon2fa_2025-03-27.txt
227,hostname,Network activity,ge4x[.]purpxqha[.]ru,True,Phishing hostname,2025-04-10,2025-04-10,1,esentire_tycoon2fa_2025-04-10.txt
228,hostname,Network activity,geb2od[.]lqeofyxipv[.]ru,True,Phishing hostname,2025-04-10,2025-04-10,1,esentire_tycoon2fa_2025-04-10.txt
229,hostname,Network activity,gncgo[.]bnschb[.]ru,True,Phishing hostname,2025-04-10,2025-04-10,1,esentire_tycoon2fa_2025-04-10.txt
230,hostname,Network activity,gqye[.]qlujwb[.]ru,True,Phishing hostname,2025-04-10,2025-04-10,1,esentire_tycoon2fa_2025-04-10.txt
231,hostname,Network activity,grcgo[.]hxnywi[.]ru,True,Phishing hostname,2025-03-27,2025-04-10,2,esentire_tycoon2fa_2025-03-27.txt; esentire_tycoon2fa_2025-04-10.txt
232,hostname,Network activity,gremlin[.]craifishi[.]business,True,Phishing hostname,2026-03-23,2026-03-23,1,esentire_tycoon2fa_2026-03-23.txt
233,hostname,Network activity,gx[.]pdpdocja[.]ru,True,Phishing hostname,2025-03-27,2025-03-27,1,esentire_tycoon2fa_2025-03-27.txt
234,hostname,Network activity,h1p3[.]ajcffp[.]ru,True,Phishing hostname,2025-03-27,2025-04-10,2,esentire_tycoon2fa_2025-03-27.txt; esentire_tycoon2fa_2025-04-10.txt
235,hostname,Network activity,he4l[.]jokxocpy[.]ru,True,Phishing hostname,2025-03-27,2025-03-27,1,esentire_tycoon2fa_2025-03-27.txt
236,hostname,Network activity,heltnu[.]v-bnhatn[.]ru,True,Phishing hostname,2025-03-27,2025-04-10,2,esentire_tycoon2fa_2025-03-27.txt; esentire_tycoon2fa_2025-04-10.txt
237,hostname,Network activity,huto9[.]ajcffp[.]ru,True,Phishing hostname,2025-03-27,2025-04-10,2,esentire_tycoon2fa_2025-03-27.txt; esentire_tycoon2fa_2025-04-10.txt
238,hostname,Network activity,i008[.]glatrcisfx[.]ru,True,Phishing hostname,2025-04-10,2025-04-10,1,esentire_tycoon2fa_2025-04-10.txt
239,hostname,Network activity,i1e7[.]uishkfyv[.]ru,True,Phishing hostname,2025-04-10,2025-04-10,1,esentire_tycoon2fa_2025-04-10.txt
240,hostname,Network activity,i1ivp9[.]kdyukk[.]ru,True,Phishing hostname,2025-03-27,2025-04-10,2,esentire_tycoon2fa_2025-03-27.txt; esentire_tycoon2fa_2025-04-10.txt
241,hostname,Network activity,i57bn[.]lqeofyxipv[.]ru,True,Phishing hostname,2025-04-10,2025-04-10,1,esentire_tycoon2fa_2025-04-10.txt
242,hostname,Network activity,international[.]fesxtmc[.]com,True,Phishing hostname,2026-03-23,2026-03-23,1,esentire_tycoon2fa_2026-03-23.txt
243,hostname,Network activity,ionic[.]tehipio[.]ink,True,Phishing hostname,2026-03-23,2026-03-23,1,esentire_tycoon2fa_2026-03-23.txt
244,hostname,Network activity,iw5ir[.]aezeib[.]ru,True,Phishing hostname,2025-03-27,2025-04-10,2,esentire_tycoon2fa_2025-03-27.txt; esentire_tycoon2fa_2025-04-10.txt
245,hostname,Network activity,j1m6g0[.]ajcffp[.]ru,True,Phishing hostname,2025-03-27,2025-04-10,2,esentire_tycoon2fa_2025-03-27.txt; esentire_tycoon2fa_2025-04-10.txt
246,hostname,Network activity,j9l2d[.]kqnsgn[.]ru,True,Phishing hostname,2025-04-10,2025-04-10,1,esentire_tycoon2fa_2025-04-10.txt
247,hostname,Network activity,jcmhy[.]zvaznx[.]ru,True,Phishing hostname,2025-03-27,2025-04-10,2,esentire_tycoon2fa_2025-03-27.txt; esentire_tycoon2fa_2025-04-10.txt
248,hostname,Network activity,jejfmk[.]kdyukk[.]ru,True,Phishing hostname,2025-03-27,2025-04-10,2,esentire_tycoon2fa_2025-03-27.txt; esentire_tycoon2fa_2025-04-10.txt
249,hostname,Network activity,jhn80[.]ntonteral[.]ru,True,Phishing hostname,2025-03-27,2025-04-10,2,esentire_tycoon2fa_2025-03-27.txt; esentire_tycoon2fa_2025-04-10.txt
250,hostname,Network activity,jroyy8[.]aldiwe[.]ru,True,Phishing hostname,2025-04-10,2025-04-10,1,esentire_tycoon2fa_2025-04-10.txt
251,hostname,Network activity,jui[.]osejonco[.]ru,True,Phishing hostname,2025-03-27,2025-03-27,1,esentire_tycoon2fa_2025-03-27.txt
252,hostname,Network activity,jymwd1[.]aldiwe[.]ru,True,Phishing hostname,2025-04-10,2025-04-10,1,esentire_tycoon2fa_2025-04-10.txt
253,hostname,Network activity,k5d0r[.]tzgozx[.]ru,True,Phishing hostname,2025-03-27,2025-04-10,2,esentire_tycoon2fa_2025-03-27.txt; esentire_tycoon2fa_2025-04-10.txt
254,hostname,Network activity,l1h[.]toliviraxen[.]ru,True,Phishing hostname,2025-03-27,2025-03-27,1,esentire_tycoon2fa_2025-03-27.txt
255,hostname,Network activity,leopard[.]teashaboulouve[.]qpon,True,Phishing hostname,2026-03-23,2026-03-23,1,esentire_tycoon2fa_2026-03-23.txt
256,hostname,Network activity,lhe9[.]idmquc[.]ru,True,Phishing hostname,2025-04-10,2025-04-10,1,esentire_tycoon2fa_2025-04-10.txt
257,hostname,Network activity,m4grhs[.]revishbos[.]ru,True,Phishing hostname,2025-03-27,2025-04-10,2,esentire_tycoon2fa_2025-03-27.txt; esentire_tycoon2fa_2025-04-10.txt
258,hostname,Network activity,mau8h[.]mftvowd[.]ru,True,Phishing hostname,2025-03-27,2025-04-10,2,esentire_tycoon2fa_2025-03-27.txt; esentire_tycoon2fa_2025-04-10.txt
259,hostname,Network activity,mdw[.]viugbu[.]ru,True,Phishing hostname,2025-04-10,2025-04-10,1,esentire_tycoon2fa_2025-04-10.txt
260,hostname,Network activity,melon[.]teashaboulouve[.]qpon,True,Phishing hostname,2026-03-23,2026-03-23,1,esentire_tycoon2fa_2026-03-23.txt
261,hostname,Network activity,mosquito[.]dralilai[.]beauty,True,Phishing hostname,2026-03-23,2026-03-23,1,esentire_tycoon2fa_2026-03-23.txt
262,hostname,Network activity,mpob8f[.]aezeib[.]ru,True,Phishing hostname,2025-03-27,2025-04-10,2,esentire_tycoon2fa_2025-03-27.txt; esentire_tycoon2fa_2025-04-10.txt
263,hostname,Network activity,mwvn[.]wqaaslir[.]ru,True,Phishing hostname,2025-03-27,2025-04-10,2,esentire_tycoon2fa_2025-03-27.txt; esentire_tycoon2fa_2025-04-10.txt
264,hostname,Network activity,n1[.]gamnfztl[.]ru,True,Phishing hostname,2025-03-27,2025-03-27,1,esentire_tycoon2fa_2025-03-27.txt
265,hostname,Network activity,n5ll[.]kdyukk[.]ru,True,Phishing hostname,2025-03-27,2025-04-10,2,esentire_tycoon2fa_2025-03-27.txt; esentire_tycoon2fa_2025-04-10.txt
266,hostname,Network activity,n6as[.]cuisbp[.]ru,True,Phishing hostname,2025-04-10,2025-04-10,1,esentire_tycoon2fa_2025-04-10.txt
267,hostname,Network activity,nhkh[.]dolmstran[.]ru,True,Phishing hostname,2025-03-27,2025-03-27,1,esentire_tycoon2fa_2025-03-27.txt
268,hostname,Network activity,nukaop[.]biijvi[.]ru,True,Phishing hostname,2025-03-27,2025-04-10,2,esentire_tycoon2fa_2025-03-27.txt; esentire_tycoon2fa_2025-04-10.txt
269,hostname,Network activity,nv9xq[.]uishkfyv[.]ru,True,Phishing hostname,2025-04-10,2025-04-10,1,esentire_tycoon2fa_2025-04-10.txt
270,hostname,Network activity,nx7q58[.]zpimlc[.]ru,True,Phishing hostname,2025-04-10,2025-04-10,1,esentire_tycoon2fa_2025-04-10.txt
271,hostname,Network activity,nz[.]freshmnind[.]ru,True,Phishing hostname,2025-03-27,2025-03-27,1,esentire_tycoon2fa_2025-03-27.txt
272,hostname,Network activity,o6a0r[.]gqzxtn[.]ru,True,Phishing hostname,2025-04-10,2025-04-10,1,esentire_tycoon2fa_2025-04-10.txt
273,hostname,Network activity,o6d4ac[.]br-izeffs[.]ru,True,Phishing hostname,2025-03-27,2025-04-10,2,esentire_tycoon2fa_2025-03-27.txt; esentire_tycoon2fa_2025-04-10.txt
274,hostname,Network activity,oaiaon[.]lqeofyxipv[.]ru,True,Phishing hostname,2025-04-10,2025-04-10,1,esentire_tycoon2fa_2025-04-10.txt
275,hostname,Network activity,ocfne8[.]gqzxtn[.]ru,True,Phishing hostname,2025-04-10,2025-04-10,1,esentire_tycoon2fa_2025-04-10.txt
276,hostname,Network activity,ogiv[.]lqeofyxipv[.]ru,True,Phishing hostname,2025-04-10,2025-04-10,1,esentire_tycoon2fa_2025-04-10.txt
277,hostname,Network activity,oil[.]tracroo[.]it[.]com,True,Phishing hostname,2026-03-23,2026-03-23,1,esentire_tycoon2fa_2026-03-23.txt
278,hostname,Network activity,ojjk[.]threaw[.]ru,True,Phishing hostname,2025-03-27,2025-03-27,1,esentire_tycoon2fa_2025-03-27.txt
279,hostname,Network activity,ol190[.]lnlwyw[.]ru,True,Phishing hostname,2025-04-10,2025-04-10,1,esentire_tycoon2fa_2025-04-10.txt
280,hostname,Network activity,olnisa[.]ru,True,Phishing hostname,2025-03-27,2025-03-27,1,esentire_tycoon2fa_2025-03-27.txt
281,hostname,Network activity,ooen[.]pnkptj[.]ru,True,Phishing hostname,2025-03-27,2025-04-10,2,esentire_tycoon2fa_2025-03-27.txt; esentire_tycoon2fa_2025-04-10.txt
282,hostname,Network activity,pdsg[.]lxkmxykopx[.]ru,True,Phishing hostname,2025-03-27,2025-03-27,1,esentire_tycoon2fa_2025-03-27.txt
283,hostname,Network activity,pj0ao[.]drogdordr[.]ru,True,Phishing hostname,2025-03-27,2025-04-10,2,esentire_tycoon2fa_2025-03-27.txt; esentire_tycoon2fa_2025-04-10.txt
284,hostname,Network activity,pncf[.]aleonanob[.]ru,True,Phishing hostname,2025-03-27,2025-03-27,1,esentire_tycoon2fa_2025-03-27.txt
285,hostname,Network activity,pop3[.]kouvadre[.]ink,True,Phishing hostname,2026-03-23,2026-03-23,1,esentire_tycoon2fa_2026-03-23.txt
286,hostname,Network activity,powershell[.]traibiru[.]world,True,Phishing hostname,2026-03-23,2026-03-23,1,esentire_tycoon2fa_2026-03-23.txt
287,hostname,Network activity,pt51[.]hjxjov[.]ru,True,Phishing hostname,2025-03-27,2025-04-10,2,esentire_tycoon2fa_2025-03-27.txt; esentire_tycoon2fa_2025-04-10.txt
288,hostname,Network activity,q0z0yr[.]lqeofyxipv[.]ru,True,Phishing hostname,2025-04-10,2025-04-10,1,esentire_tycoon2fa_2025-04-10.txt
289,hostname,Network activity,q30zx[.]skfqca[.]ru,True,Phishing hostname,2025-03-27,2025-04-10,2,esentire_tycoon2fa_2025-03-27.txt; esentire_tycoon2fa_2025-04-10.txt
290,hostname,Network activity,qi2tp2[.]zpimlc[.]ru,True,Phishing hostname,2025-04-10,2025-04-10,1,esentire_tycoon2fa_2025-04-10.txt
291,hostname,Network activity,qjuy[.]virbutr[.]ru,True,Phishing hostname,2025-03-27,2025-04-10,2,esentire_tycoon2fa_2025-03-27.txt; esentire_tycoon2fa_2025-04-10.txt
292,hostname,Network activity,qql9k[.]ytnynj[.]ru,True,Phishing hostname,2025-04-10,2025-04-10,1,esentire_tycoon2fa_2025-04-10.txt
293,hostname,Network activity,qs1ywa[.]vsmaemhjvk[.]ru,True,Phishing hostname,2025-03-27,2025-03-27,1,esentire_tycoon2fa_2025-03-27.txt
294,hostname,Network activity,qsb9[.]purpxqha[.]ru,True,Phishing hostname,2025-04-10,2025-04-10,1,esentire_tycoon2fa_2025-04-10.txt
295,hostname,Network activity,qsx6a[.]aldiwe[.]ru,True,Phishing hostname,2025-04-10,2025-04-10,1,esentire_tycoon2fa_2025-04-10.txt
296,hostname,Network activity,qusu7[.]viugbu[.]ru,True,Phishing hostname,2025-04-10,2025-04-10,1,esentire_tycoon2fa_2025-04-10.txt
297,hostname,Network activity,qz92[.]gadyks[.]ru,True,Phishing hostname,2025-03-27,2025-04-10,2,esentire_tycoon2fa_2025-03-27.txt; esentire_tycoon2fa_2025-04-10.txt
298,hostname,Network activity,qzbyx8[.]aldfphv[.]ru,True,Phishing hostname,2025-03-27,2025-04-10,2,esentire_tycoon2fa_2025-03-27.txt; esentire_tycoon2fa_2025-04-10.txt
299,hostname,Network activity,r0xl[.]nmpjkg[.]ru,True,Phishing hostname,2025-03-27,2025-04-10,2,esentire_tycoon2fa_2025-03-27.txt; esentire_tycoon2fa_2025-04-10.txt
300,hostname,Network activity,rk[.]tundabloom[.]ru,True,Phishing hostname,2025-03-27,2025-03-27,1,esentire_tycoon2fa_2025-03-27.txt
301,hostname,Network activity,rknbj[.]ntonteral[.]ru,True,Phishing hostname,2025-03-27,2025-04-10,2,esentire_tycoon2fa_2025-03-27.txt; esentire_tycoon2fa_2025-04-10.txt
302,hostname,Network activity,ruv8d9[.]warthydri[.]ru,True,Phishing hostname,2025-03-27,2025-04-10,2,esentire_tycoon2fa_2025-03-27.txt; esentire_tycoon2fa_2025-04-10.txt
303,hostname,Network activity,rvco[.]jnfemo[.]ru,True,Phishing hostname,2025-03-27,2025-04-10,2,esentire_tycoon2fa_2025-03-27.txt; esentire_tycoon2fa_2025-04-10.txt
304,hostname,Network activity,s4v9uo[.]hqfyed[.]ru,True,Phishing hostname,2025-04-10,2025-04-10,1,esentire_tycoon2fa_2025-04-10.txt
305,hostname,Network activity,s86[.]mlniojjrwm[.]ru,True,Phishing hostname,2025-04-10,2025-04-10,1,esentire_tycoon2fa_2025-04-10.txt
306,hostname,Network activity,screen[.]thougai[.]beer,True,Phishing hostname,2026-03-23,2026-03-23,1,esentire_tycoon2fa_2026-03-23.txt
307,hostname,Network activity,shirt[.]roowothonio[.]cyou,True,Phishing hostname,2026-03-23,2026-03-23,1,esentire_tycoon2fa_2026-03-23.txt
308,hostname,Network activity,sj1d[.]watcqbht[.]ru,True,Phishing hostname,2025-03-27,2025-03-27,1,esentire_tycoon2fa_2025-03-27.txt
309,hostname,Network activity,smn5[.]udxbjl[.]ru,True,Phishing hostname,2025-04-10,2025-04-10,1,esentire_tycoon2fa_2025-04-10.txt
310,hostname,Network activity,spark[.]shoupeatai[.]com,True,Phishing hostname,2026-03-23,2026-03-23,1,esentire_tycoon2fa_2026-03-23.txt
311,hostname,Network activity,storm[.]thobewoofricrou[.]qpon,True,Phishing hostname,2026-03-23,2026-03-23,1,esentire_tycoon2fa_2026-03-23.txt
312,hostname,Network activity,stostiyai[.]sistaidru[.]com,True,Phishing hostname,2026-03-23,2026-03-23,1,esentire_tycoon2fa_2026-03-23.txt
313,hostname,Network activity,support[.]traibiru[.]world,True,Phishing hostname,2026-03-23,2026-03-23,1,esentire_tycoon2fa_2026-03-23.txt
314,hostname,Network activity,t1f7[.]zpimlc[.]ru,True,Phishing hostname,2025-04-10,2025-04-10,1,esentire_tycoon2fa_2025-04-10.txt
315,hostname,Network activity,t4qo[.]zpimlc[.]ru,True,Phishing hostname,2025-04-10,2025-04-10,1,esentire_tycoon2fa_2025-04-10.txt
316,hostname,Network activity,t8b9c[.]uishkfyv[.]ru,True,Phishing hostname,2025-04-10,2025-04-10,1,esentire_tycoon2fa_2025-04-10.txt
317,hostname,Network activity,tajikistan[.]noyaidetipio[.]qpon,True,Phishing hostname,2026-03-23,2026-03-23,1,esentire_tycoon2fa_2026-03-23.txt
318,hostname,Network activity,toad[.]yioso[.]beer,True,Phishing hostname,2026-03-23,2026-03-23,1,esentire_tycoon2fa_2026-03-23.txt
319,hostname,Network activity,twvc[.]lnlwyw[.]ru,True,Phishing hostname,2025-04-10,2025-04-10,1,esentire_tycoon2fa_2025-04-10.txt
320,hostname,Network activity,tymu[.]r2g69i65d[.]ru,True,Phishing hostname,2025-03-27,2025-03-27,1,esentire_tycoon2fa_2025-03-27.txt
321,hostname,Network activity,tz5y[.]udxbjl[.]ru,True,Phishing hostname,2025-04-10,2025-04-10,1,esentire_tycoon2fa_2025-04-10.txt
322,hostname,Network activity,u8dmr[.]aezeib[.]ru,True,Phishing hostname,2025-03-27,2025-04-10,2,esentire_tycoon2fa_2025-03-27.txt; esentire_tycoon2fa_2025-04-10.txt
323,hostname,Network activity,ufw[.]xcsyiuul[.]ru,True,Phishing hostname,2025-03-27,2025-03-27,1,esentire_tycoon2fa_2025-03-27.txt
324,hostname,Network activity,uhp[.]mlniojjrwm[.]ru,True,Phishing hostname,2025-04-10,2025-04-10,1,esentire_tycoon2fa_2025-04-10.txt
325,hostname,Network activity,ujrz[.]uishkfyv[.]ru,True,Phishing hostname,2025-04-10,2025-04-10,1,esentire_tycoon2fa_2025-04-10.txt
326,hostname,Network activity,upjgt6[.]djktgj[.]ru,True,Phishing hostname,2025-03-27,2025-04-10,2,esentire_tycoon2fa_2025-03-27.txt; esentire_tycoon2fa_2025-04-10.txt
327,hostname,Network activity,ux2[.]hifohd[.]ru,True,Phishing hostname,2025-03-27,2025-03-27,1,esentire_tycoon2fa_2025-03-27.txt
328,hostname,Network activity,uz5k[.]vsmaemhjvk[.]ru,True,Phishing hostname,2025-03-27,2025-03-27,1,esentire_tycoon2fa_2025-03-27.txt
329,hostname,Network activity,v6o3z[.]purpxqha[.]ru,True,Phishing hostname,2025-04-10,2025-04-10,1,esentire_tycoon2fa_2025-04-10.txt
330,hostname,Network activity,v6wh[.]ablomholti[.]ru,True,Phishing hostname,2025-03-27,2025-03-27,1,esentire_tycoon2fa_2025-03-27.txt
331,hostname,Network activity,varnish[.]widoupoo[.]network,True,Phishing hostname,2026-03-23,2026-03-23,1,esentire_tycoon2fa_2026-03-23.txt
332,hostname,Network activity,ve[.]aleonanob[.]ru,True,Phishing hostname,2025-03-27,2025-03-27,1,esentire_tycoon2fa_2025-03-27.txt
333,hostname,Network activity,vla8[.]ntityptatury[.]ru,True,Phishing hostname,2025-03-27,2025-03-27,1,esentire_tycoon2fa_2025-03-27.txt
334,hostname,Network activity,vp91ht[.]zvaznx[.]ru,True,Phishing hostname,2025-03-27,2025-04-10,2,esentire_tycoon2fa_2025-03-27.txt; esentire_tycoon2fa_2025-04-10.txt
335,hostname,Network activity,vph6l[.]zpimlc[.]ru,True,Phishing hostname,2025-04-10,2025-04-10,1,esentire_tycoon2fa_2025-04-10.txt
336,hostname,Network activity,vqmmx[.]pnkptj[.]ru,True,Phishing hostname,2025-04-10,2025-04-10,1,esentire_tycoon2fa_2025-04-10.txt
337,hostname,Network activity,vtsz[.]aezeib[.]ru,True,Phishing hostname,2025-03-27,2025-04-10,2,esentire_tycoon2fa_2025-03-27.txt; esentire_tycoon2fa_2025-04-10.txt
338,hostname,Network activity,vu[.]pdglkps[.]ru,True,Phishing hostname,2025-03-27,2025-03-27,1,esentire_tycoon2fa_2025-03-27.txt
339,hostname,Network activity,vx[.]wildbberis[.]ru,True,Phishing hostname,2025-03-27,2025-03-27,1,esentire_tycoon2fa_2025-03-27.txt
340,hostname,Network activity,w0re[.]stadrourea[.]ru,True,Phishing hostname,2026-03-23,2026-03-23,1,esentire_tycoon2fa_2026-03-23.txt
341,hostname,Network activity,w2cc[.]pnkptj[.]ru,True,Phishing hostname,2025-04-10,2025-04-10,1,esentire_tycoon2fa_2025-04-10.txt
342,hostname,Network activity,w3ff[.]aezeib[.]ru,True,Phishing hostname,2025-03-27,2025-04-10,2,esentire_tycoon2fa_2025-03-27.txt; esentire_tycoon2fa_2025-04-10.txt
343,hostname,Network activity,w8[.]mzwxwdjyr[.]ru,True,Phishing hostname,2025-03-27,2025-03-27,1,esentire_tycoon2fa_2025-03-27.txt
344,hostname,Network activity,wa[.]auoranest[.]ru,True,Phishing hostname,2025-03-27,2025-03-27,1,esentire_tycoon2fa_2025-03-27.txt
345,hostname,Network activity,wjgx[.]jaamzjd[.]ru,True,Phishing hostname,2025-03-27,2025-04-10,2,esentire_tycoon2fa_2025-03-27.txt; esentire_tycoon2fa_2025-04-10.txt
346,hostname,Network activity,wul[.]ulxmrerpi[.]ru,True,Phishing hostname,2025-03-27,2025-03-27,1,esentire_tycoon2fa_2025-03-27.txt
347,hostname,Network activity,www[.]alnaharegypt[.]com,True,Phishing hostname,2026-03-23,2026-03-23,1,esentire_tycoon2fa_2026-03-23.txt
348,hostname,Network activity,xl[.]rknqkmex[.]ru,True,Phishing hostname,2025-03-27,2025-03-27,1,esentire_tycoon2fa_2025-03-27.txt
349,hostname,Network activity,xr6o[.]hqfyed[.]ru,True,Phishing hostname,2025-04-10,2025-04-10,1,esentire_tycoon2fa_2025-04-10.txt
350,hostname,Network activity,xue1y[.]kdyukk[.]ru,True,Phishing hostname,2025-03-27,2025-04-10,2,esentire_tycoon2fa_2025-03-27.txt; esentire_tycoon2fa_2025-04-10.txt
351,hostname,Network activity,xuon[.]ajcffp[.]ru,True,Phishing hostname,2025-03-27,2025-04-10,2,esentire_tycoon2fa_2025-03-27.txt; esentire_tycoon2fa_2025-04-10.txt
352,hostname,Network activity,y0hk[.]ajcffp[.]ru,True,Phishing hostname,2025-03-27,2025-04-10,2,esentire_tycoon2fa_2025-03-27.txt; esentire_tycoon2fa_2025-04-10.txt
353,hostname,Network activity,y71j[.]enoqeg[.]ru,True,Phishing hostname,2025-03-27,2025-04-10,2,esentire_tycoon2fa_2025-03-27.txt; esentire_tycoon2fa_2025-04-10.txt
354,hostname,Network activity,yozgu[.]aldfphv[.]ru,True,Phishing hostname,2025-03-27,2025-04-10,2,esentire_tycoon2fa_2025-03-27.txt; esentire_tycoon2fa_2025-04-10.txt
355,hostname,Network activity,ysylj[.]tljepz[.]ru,True,Phishing hostname,2025-04-10,2025-04-10,1,esentire_tycoon2fa_2025-04-10.txt
356,hostname,Network activity,yx3cf5[.]gijbwpyq[.]ru,True,Phishing hostname,2025-04-10,2025-04-10,1,esentire_tycoon2fa_2025-04-10.txt
357,hostname,Network activity,z5u[.]mlniojjrwm[.]ru,True,Phishing hostname,2025-04-10,2025-04-10,1,esentire_tycoon2fa_2025-04-10.txt
358,hostname,Network activity,zhf[.]aleonanob[.]ru,True,Phishing hostname,2025-03-27,2025-03-27,1,esentire_tycoon2fa_2025-03-27.txt
359,hostname,Network activity,zxf1l[.]jbvlyhre[.]ru,True,Phishing hostname,2025-03-27,2025-03-27,1,esentire_tycoon2fa_2025-03-27.txt
360,hostname,Network activity,zyvk[.]fgaiuin[.]ru,True,Phishing hostname,2025-03-27,2025-03-27,1,esentire_tycoon2fa_2025-03-27.txt
361,ip-src,Network activity,130[.]49[.]117[.]205,True,AiTM login egress (IPv4); ASN: GREEN FLOID LLC; UA: axios/1.13.6,2026-03-23,2026-03-23,1,esentire_tycoon2fa_2026-03-23.txt
362,ip-src,Network activity,138[.]249[.]139[.]6,True,AiTM login egress (IPv4); ASN: Clouvider; UA: axios/1.13.6,2026-03-23,2026-03-23,1,esentire_tycoon2fa_2026-03-23.txt
363,ip-src,Network activity,142[.]252[.]171[.]135,True,AiTM login egress (IPv4); ASN: HOST TELECOM LTD; UA: axios/1.13.6,2026-03-23,2026-03-23,1,esentire_tycoon2fa_2026-03-23.txt
364,ip-src,Network activity,142[.]252[.]86[.]104,True,AiTM login egress (IPv4); ASN: Clouvider; UA: axios/1.13.6,2026-03-23,2026-03-23,1,esentire_tycoon2fa_2026-03-23.txt
365,ip-src,Network activity,166[.]1[.]241[.]247,True,AiTM login egress (IPv4); ASN: Clouvider; UA: axios/1.13.6,2026-03-23,2026-03-23,1,esentire_tycoon2fa_2026-03-23.txt
366,ip-src,Network activity,166[.]1[.]255[.]233,True,AiTM login egress (IPv4); ASN: Clouvider; UA: axios/1.13.6,2026-03-23,2026-03-23,1,esentire_tycoon2fa_2026-03-23.txt
367,ip-src,Network activity,166[.]88[.]219[.]45,True,AiTM login egress (IPv4); ASN: HOST TELECOM LTD; UA: axios/1.13.6,2026-03-23,2026-03-23,1,esentire_tycoon2fa_2026-03-23.txt
368,ip-src,Network activity,170[.]168[.]215[.]64,True,AiTM login egress (IPv4); ASN: GREEN FLOID LLC; UA: axios/1.13.6,2026-03-23,2026-03-23,1,esentire_tycoon2fa_2026-03-23.txt
369,ip-src,Network activity,172[.]120[.]234[.]223,True,AiTM login egress (IPv4); ASN: HOST TELECOM LTD; UA: axios/1.13.6,2026-03-23,2026-03-23,1,esentire_tycoon2fa_2026-03-23.txt
370,ip-src,Network activity,172[.]120[.]57[.]92,True,AiTM login egress (IPv4); ASN: HOST TELECOM LTD; UA: axios/1.13.6,2026-03-23,2026-03-23,1,esentire_tycoon2fa_2026-03-23.txt
371,ip-src,Network activity,172[.]121[.]59[.]99,True,AiTM login egress (IPv4); ASN: HOST TELECOM LTD; UA: axios/1.13.6,2026-03-23,2026-03-23,1,esentire_tycoon2fa_2026-03-23.txt
372,ip-src,Network activity,193[.]228[.]131[.]161,True,AiTM login egress (IPv4); ASN: Clouvider; UA: axios/1.13.6,2026-03-23,2026-03-23,1,esentire_tycoon2fa_2026-03-23.txt
373,ip-src,Network activity,2604:4500:6:10b:0:2:1eeb:530c,True,"AiTM login egress (IPv6); ASN: HIVELOCITY, Inc.; UA: axios/1.13.2",2026-03-23,2026-03-23,1,esentire_tycoon2fa_2026-03-23.txt
374,ip-src,Network activity,2604:4500:6:10b:0:2:2fea:c4fb,True,"AiTM login egress (IPv6); ASN: HIVELOCITY, Inc.; UA: axios/1.13.2",2026-03-23,2026-03-23,1,esentire_tycoon2fa_2026-03-23.txt
375,ip-src,Network activity,2604:4500:6:10b:0:2:3fb6:cbee,True,"AiTM login egress (IPv6); ASN: HIVELOCITY, Inc.; UA: axios/1.13.2",2026-03-23,2026-03-23,1,esentire_tycoon2fa_2026-03-23.txt
376,ip-src,Network activity,2604:4500:6:10b:0:2:586:e3b2,True,"AiTM login egress (IPv6); ASN: HIVELOCITY, Inc.; UA: axios/1.13.2",2026-03-23,2026-03-23,1,esentire_tycoon2fa_2026-03-23.txt
377,ip-src,Network activity,2604:4500:6:10b:0:2:774:a001,True,"AiTM login egress (IPv6); ASN: HIVELOCITY, Inc.; UA: axios/1.13.2",2026-03-23,2026-03-23,1,esentire_tycoon2fa_2026-03-23.txt
378,ip-src,Network activity,2604:4500:6:10b:0:2:98cd:e9db,True,"AiTM login egress (IPv6); ASN: HIVELOCITY, Inc.; UA: axios/1.13.2",2026-03-23,2026-03-23,1,esentire_tycoon2fa_2026-03-23.txt
379,ip-src,Network activity,2604:4500:6:10b:0:2:b564:19b0,True,"AiTM login egress (IPv6); ASN: HIVELOCITY, Inc.; UA: axios/1.13.2",2026-03-23,2026-03-23,1,esentire_tycoon2fa_2026-03-23.txt
380,ip-src,Network activity,2604:4500:6:10b:0:2:ca57:4ca5,True,"AiTM login egress (IPv6); ASN: HIVELOCITY, Inc.; UA: axios/1.13.2",2026-03-23,2026-03-23,1,esentire_tycoon2fa_2026-03-23.txt
381,ip-src,Network activity,2604:4500:6:10b:0:2:ee45:2201,True,"AiTM login egress (IPv6); ASN: HIVELOCITY, Inc.; UA: axios/1.13.2",2026-03-23,2026-03-23,1,esentire_tycoon2fa_2026-03-23.txt
382,ip-src,Network activity,2604:4500:8:9::3e68:deb8,True,"AiTM login egress (IPv6); ASN: HIVELOCITY, Inc.; UA: axios/1.13.2",2026-03-23,2026-03-23,1,esentire_tycoon2fa_2026-03-23.txt
383,ip-src,Network activity,2a00:b703:fff2:37::1,True,AiTM login egress (IPv6); ASN: GLOBAL CONNECTIVITY SOLUTIONS LLP; UA: axios/1.13.2,2026-03-23,2026-03-23,1,esentire_tycoon2fa_2026-03-23.txt
384,ip-src,Network activity,2a00:b703:fff2:3b::1,True,AiTM login egress (IPv6); ASN: GLOBAL CONNECTIVITY SOLUTIONS LLP; UA: axios/1.13.2,2026-03-23,2026-03-23,1,esentire_tycoon2fa_2026-03-23.txt
385,ip-src,Network activity,2a00:b703:fff2:41::1,True,AiTM login egress (IPv6); ASN: GLOBAL CONNECTIVITY SOLUTIONS LLP; UA: axios/1.13.2,2026-03-23,2026-03-23,1,esentire_tycoon2fa_2026-03-23.txt
386,ip-src,Network activity,2a00:b703:fff2:47::1,True,AiTM login egress (IPv6); ASN: GLOBAL CONNECTIVITY SOLUTIONS LLP; UA: axios/1.13.2,2026-03-23,2026-03-23,1,esentire_tycoon2fa_2026-03-23.txt
387,ip-src,Network activity,2a00:b703:fff2:4b::1,True,AiTM login egress (IPv6); ASN: GLOBAL CONNECTIVITY SOLUTIONS LLP; UA: axios/1.13.2,2026-03-23,2026-03-23,1,esentire_tycoon2fa_2026-03-23.txt
388,ip-src,Network activity,2a00:b703:fff2:4e::1,True,AiTM login egress (IPv6); ASN: GLOBAL CONNECTIVITY SOLUTIONS LLP; UA: axios/1.13.2,2026-03-23,2026-03-23,1,esentire_tycoon2fa_2026-03-23.txt
389,ip-src,Network activity,2a0d:5600:124:61:0:1:7403:e7f6,True,AiTM login egress (IPv6); ASN: M247 Europe SRL; UA: axios/1.13.2,2026-03-23,2026-03-23,1,esentire_tycoon2fa_2026-03-23.txt
390,ip-src,Network activity,2a0d:5600:124:61:0:1:7cfd:3531,True,AiTM login egress (IPv6); ASN: M247 Europe SRL; UA: axios/1.13.2,2026-03-23,2026-03-23,1,esentire_tycoon2fa_2026-03-23.txt
391,ip-src,Network activity,2a0d:5600:124:61:0:1:7fa4:f33f,True,AiTM login egress (IPv6); ASN: M247 Europe SRL; UA: axios/1.13.2,2026-03-23,2026-03-23,1,esentire_tycoon2fa_2026-03-23.txt
392,ip-src,Network activity,2a0d:5600:124:61:0:1:b7a5:1d9d,True,AiTM login egress (IPv6); ASN: M247 Europe SRL; UA: axios/1.13.2,2026-03-23,2026-03-23,1,esentire_tycoon2fa_2026-03-23.txt
393,ip-src,Network activity,2a0d:5600:124:61:0:1:f718:9c0f,True,AiTM login egress (IPv6); ASN: M247 Europe SRL; UA: axios/1.13.2,2026-03-23,2026-03-23,1,esentire_tycoon2fa_2026-03-23.txt
394,ip-src,Network activity,2a0d:5600:124:61:0:1:fcef:d64e,True,AiTM login egress (IPv6); ASN: M247 Europe SRL; UA: axios/1.13.6,2026-03-23,2026-03-23,1,esentire_tycoon2fa_2026-03-23.txt
395,ip-src,Network activity,2a0d:5600:24:ff21:0:1:2775:73e0,True,AiTM login egress (IPv6); ASN: M247 Europe SRL; UA: axios/1.13.4,2026-03-23,2026-03-23,1,esentire_tycoon2fa_2026-03-23.txt
396,ip-src,Network activity,2a0d:5600:24:ff21:0:1:3087:71de,True,AiTM login egress (IPv6); ASN: M247 Europe SRL; UA: axios/1.13.4,2026-03-23,2026-03-23,1,esentire_tycoon2fa_2026-03-23.txt
397,ip-src,Network activity,2a0d:5600:24:ff21:0:1:3fed:51a4,True,AiTM login egress (IPv6); ASN: M247 Europe SRL; UA: axios/1.13.4,2026-03-23,2026-03-23,1,esentire_tycoon2fa_2026-03-23.txt
398,ip-src,Network activity,2a0d:5600:24:ff21:0:1:6b36:e2f6,True,AiTM login egress (IPv6); ASN: M247 Europe SRL; UA: axios/1.13.4,2026-03-23,2026-03-23,1,esentire_tycoon2fa_2026-03-23.txt
399,ip-src,Network activity,2a0d:5600:24:ff21:0:1:81db:115a,True,AiTM login egress (IPv6); ASN: M247 Europe SRL; UA: axios/1.13.4,2026-03-23,2026-03-23,1,esentire_tycoon2fa_2026-03-23.txt
400,ip-src,Network activity,2a0d:5600:24:ff21:0:1:adec:d8f7,True,AiTM login egress (IPv6); ASN: M247 Europe SRL; UA: axios/1.13.4,2026-03-23,2026-03-23,1,esentire_tycoon2fa_2026-03-23.txt
401,ip-src,Network activity,2a0d:5600:24:ff21:0:1:c3cf:2c47,True,AiTM login egress (IPv6); ASN: M247 Europe SRL; UA: axios/1.13.6,2026-03-23,2026-03-23,1,esentire_tycoon2fa_2026-03-23.txt
402,ip-src,Network activity,2a0d:5600:24:ff21:0:1:e8d7:aa16,True,AiTM login egress (IPv6); ASN: M247 Europe SRL; UA: axios/1.13.6,2026-03-23,2026-03-23,1,esentire_tycoon2fa_2026-03-23.txt
403,ip-src,Network activity,2a0d:5600:24:ff21:0:1:f35c:ca3d,True,AiTM login egress (IPv6); ASN: M247 Europe SRL; UA: axios/1.13.4,2026-03-23,2026-03-23,1,esentire_tycoon2fa_2026-03-23.txt
404,ip-src,Network activity,2a0d:5600:24:ff39:0:1:5673:8177,True,AiTM login egress (IPv6); ASN: M247 Europe SRL; UA: axios/1.13.5,2026-03-23,2026-03-23,1,esentire_tycoon2fa_2026-03-23.txt
405,ip-src,Network activity,2a0d:5600:24:ff39:0:1:6f4c:16dd,True,AiTM login egress (IPv6); ASN: M247 Europe SRL; UA: axios/1.13.5,2026-03-23,2026-03-23,1,esentire_tycoon2fa_2026-03-23.txt
406,ip-src,Network activity,2a0d:5600:24:ff39:0:1:749e:5188,True,AiTM login egress (IPv6); ASN: M247 Europe SRL; UA: axios/1.13.5,2026-03-23,2026-03-23,1,esentire_tycoon2fa_2026-03-23.txt
407,ip-src,Network activity,2a0d:5600:24:ff39:0:1:869b:9236,True,AiTM login egress (IPv6); ASN: M247 Europe SRL; UA: axios/1.13.5,2026-03-23,2026-03-23,1,esentire_tycoon2fa_2026-03-23.txt
408,ip-src,Network activity,2a0d:5600:24:ff39:0:1:9b9:d19b,True,AiTM login egress (IPv6); ASN: M247 Europe SRL; UA: axios/1.13.5,2026-03-23,2026-03-23,1,esentire_tycoon2fa_2026-03-23.txt
409,ip-src,Network activity,2a0d:5600:24:ff39:0:1:b23:5fe0,True,AiTM login egress (IPv6); ASN: M247 Europe SRL; UA: axios/1.13.5,2026-03-23,2026-03-23,1,esentire_tycoon2fa_2026-03-23.txt
410,ip-src,Network activity,2a0d:5600:8:2e:0:1:25dd:3b4a,True,AiTM login egress (IPv6); ASN: M247 Europe SRL; UA: axios/1.13.5,2026-03-23,2026-03-23,1,esentire_tycoon2fa_2026-03-23.txt
411,ip-src,Network activity,2a0d:5600:8:2e:0:1:3af1:899c,True,AiTM login egress (IPv6); ASN: M247 Europe SRL; UA: axios/1.13.2,2026-03-23,2026-03-23,1,esentire_tycoon2fa_2026-03-23.txt
412,ip-src,Network activity,2a0d:5600:8:2e:0:1:62fe:e6b9,True,AiTM login egress (IPv6); ASN: M247 Europe SRL; UA: axios/1.13.5,2026-03-23,2026-03-23,1,esentire_tycoon2fa_2026-03-23.txt
413,ip-src,Network activity,2a0d:5600:8:2e:0:1:65f4:6a3c,True,AiTM login egress (IPv6); ASN: M247 Europe SRL; UA: axios/1.13.5,2026-03-23,2026-03-23,1,esentire_tycoon2fa_2026-03-23.txt
414,ip-src,Network activity,2a0d:5600:8:2e:0:1:6d7f:753,True,AiTM login egress (IPv6); ASN: M247 Europe SRL; UA: axios/1.13.2,2026-03-23,2026-03-23,1,esentire_tycoon2fa_2026-03-23.txt
415,ip-src,Network activity,2a0d:5600:8:2e:0:1:7d4:e433,True,AiTM login egress (IPv6); ASN: M247 Europe SRL; UA: axios/1.13.5,2026-03-23,2026-03-23,1,esentire_tycoon2fa_2026-03-23.txt
416,ip-src,Network activity,2a0d:5600:8:2e:0:1:96bc:d06d,True,AiTM login egress (IPv6); ASN: M247 Europe SRL; UA: axios/1.13.2,2026-03-23,2026-03-23,1,esentire_tycoon2fa_2026-03-23.txt
417,ip-src,Network activity,2a0d:5600:8:2e:0:1:cc85:d594,True,AiTM login egress (IPv6); ASN: M247 Europe SRL; UA: axios/1.13.2,2026-03-23,2026-03-23,1,esentire_tycoon2fa_2026-03-23.txt
418,ip-src,Network activity,2a0d:5600:8:2e:0:1:d823:a25a,True,AiTM login egress (IPv6); ASN: M247 Europe SRL; UA: axios/1.13.2,2026-03-23,2026-03-23,1,esentire_tycoon2fa_2026-03-23.txt
419,ip-src,Network activity,2a0d:5600:8:2e:0:1:e2a3:6d30,True,AiTM login egress (IPv6); ASN: M247 Europe SRL; UA: axios/1.13.2,2026-03-23,2026-03-23,1,esentire_tycoon2fa_2026-03-23.txt
420,ip-src,Network activity,2a0d:5600:8:94::1d9d:c800,True,AiTM login egress (IPv6); ASN: M247 Europe SRL; UA: axios/1.13.5,2026-03-23,2026-03-23,1,esentire_tycoon2fa_2026-03-23.txt
421,ip-src,Network activity,2a0d:5600:8:94::3fa0:7083,True,AiTM login egress (IPv6); ASN: M247 Europe SRL; UA: axios/1.13.5,2026-03-23,2026-03-23,1,esentire_tycoon2fa_2026-03-23.txt
422,ip-src,Network activity,2a0d:5600:8:94::440:e534,True,AiTM login egress (IPv6); ASN: M247 Europe SRL; UA: axios/1.13.5,2026-03-23,2026-03-23,1,esentire_tycoon2fa_2026-03-23.txt
423,ip-src,Network activity,2a0d:5600:8:94::5224:ed92,True,AiTM login egress (IPv6); ASN: M247 Europe SRL; UA: axios/1.13.2,2026-03-23,2026-03-23,1,esentire_tycoon2fa_2026-03-23.txt
424,ip-src,Network activity,2a0d:5600:8:94::b027:d883,True,AiTM login egress (IPv6); ASN: M247 Europe SRL; UA: axios/1.13.5,2026-03-23,2026-03-23,1,esentire_tycoon2fa_2026-03-23.txt
425,ip-src,Network activity,2a0d:5600:8:94::d434:ec28,True,AiTM login egress (IPv6); ASN: M247 Europe SRL; UA: axios/1.13.2,2026-03-23,2026-03-23,1,esentire_tycoon2fa_2026-03-23.txt
426,ip-src,Network activity,2a0d:5600:8:94::d439:3ac9,True,AiTM login egress (IPv6); ASN: M247 Europe SRL; UA: axios/1.13.5,2026-03-23,2026-03-23,1,esentire_tycoon2fa_2026-03-23.txt
427,ip-src,Network activity,2a0d:5600:8:94::d593:6202,True,AiTM login egress (IPv6); ASN: M247 Europe SRL; UA: axios/1.13.2,2026-03-23,2026-03-23,1,esentire_tycoon2fa_2026-03-23.txt
428,ip-src,Network activity,2a0d:5600:8:94::e66:fb26,True,AiTM login egress (IPv6); ASN: M247 Europe SRL; UA: axios/1.13.2,2026-03-23,2026-03-23,1,esentire_tycoon2fa_2026-03-23.txt
429,ip-src,Network activity,2a0d:5600:8:94::f1eb:760f,True,AiTM login egress (IPv6); ASN: M247 Europe SRL; UA: axios/1.13.2,2026-03-23,2026-03-23,1,esentire_tycoon2fa_2026-03-23.txt
430,ip-src,Network activity,2a0d:5600:8:94::f2cd:9d43,True,AiTM login egress (IPv6); ASN: M247 Europe SRL; UA: axios/1.13.2,2026-03-23,2026-03-23,1,esentire_tycoon2fa_2026-03-23.txt
431,ip-src,Network activity,2a0d:5600:8:a6:0:1:57d3:a529,True,AiTM login egress (IPv6); ASN: M247 Europe SRL; UA: axios/1.13.5,2026-03-23,2026-03-23,1,esentire_tycoon2fa_2026-03-23.txt
432,ip-src,Network activity,2a0d:5600:8:a6:0:1:6a62:40cb,True,AiTM login egress (IPv6); ASN: M247 Europe SRL; UA: axios/1.13.2,2026-03-23,2026-03-23,1,esentire_tycoon2fa_2026-03-23.txt
433,ip-src,Network activity,2a0d:5600:8:a6:0:1:b95f:905f,True,AiTM login egress (IPv6); ASN: M247 Europe SRL; UA: axios/1.13.2,2026-03-23,2026-03-23,1,esentire_tycoon2fa_2026-03-23.txt
434,ip-src,Network activity,2a0d:5600:8:a6:0:1:c2ee:fb2b,True,AiTM login egress (IPv6); ASN: M247 Europe SRL; UA: axios/1.13.2,2026-03-23,2026-03-23,1,esentire_tycoon2fa_2026-03-23.txt
435,ip-src,Network activity,45[.]39[.]175[.]12,True,AiTM login egress (IPv4); ASN: HOST TELECOM LTD; UA: axios/1.13.6,2026-03-23,2026-03-23,1,esentire_tycoon2fa_2026-03-23.txt
436,ip-src,Network activity,50[.]118[.]198[.]26,True,AiTM login egress (IPv4); ASN: HOST TELECOM LTD; UA: axios/1.13.6,2026-03-23,2026-03-23,1,esentire_tycoon2fa_2026-03-23.txt
437,text,Other,Invisible Unicode obfuscation (U+FFA0 / U+3164 as binary),False,Hides JS from static analysis,2025-04,2025-04,1,Trustwave SpiderLabs 2025
438,text,Network activity,WebSocket-based credential/MFA relay,False,AiTM real-time relay behaviour,2024-03-25,2024-03-25,1,Sekoia / Microsoft public reporting
439,url,Network activity,hxxps[://]0fwkme[.]nmpjkg[.]ru/machlo@6ysnl6v,True,'check' URL (pre-landing redirect),2025-04-10,2025-04-10,1,esentire_tycoon2fa_2025-04-10.txt
440,url,Network activity,hxxps[://]0ji5o[.]drogdordr[.]ru/gando$qokizy0l,True,'check' URL (pre-landing redirect),2025-03-27,2025-04-10,2,esentire_tycoon2fa_2025-03-27.txt; esentire_tycoon2fa_2025-04-10.txt
441,url,Network activity,hxxps[://]0ku58[.]udxbjl[.]ru/chiriya$5wpvjip,True,'check' URL (pre-landing redirect),2025-04-10,2025-04-10,1,esentire_tycoon2fa_2025-04-10.txt
442,url,Network activity,hxxps[://]0ssnm[.]nmpjkg[.]ru/kabutar$06scpdp,True,'check' URL (pre-landing redirect),2025-03-27,2025-04-10,2,esentire_tycoon2fa_2025-03-27.txt; esentire_tycoon2fa_2025-04-10.txt
443,url,Network activity,hxxps[://]0w1fcb[.]lnlwyw[.]ru/chiriya@eafr0,True,'check' URL (pre-landing redirect),2025-04-10,2025-04-10,1,esentire_tycoon2fa_2025-04-10.txt
444,url,Network activity,hxxps[://]1fp[.]rupjpnsj[.]ru/B33X/,True,landing URL,2025-03-27,2025-03-27,1,esentire_tycoon2fa_2025-03-27.txt
445,url,Network activity,hxxps[://]2j6sy7[.]bnschb[.]ru/kabutar!jtvhr,True,'check' URL (pre-landing redirect),2025-04-10,2025-04-10,1,esentire_tycoon2fa_2025-04-10.txt
446,url,Network activity,hxxps[://]2ktug4[.]gijbwpyq[.]ru/kella!5gehjx,True,'check' URL (pre-landing redirect),2025-04-10,2025-04-10,1,esentire_tycoon2fa_2025-04-10.txt
447,url,Network activity,hxxps[://]2m3jg[.]zpimlc[.]ru/rand@d1s8l2x9,True,'check' URL (pre-landing redirect),2025-04-10,2025-04-10,1,esentire_tycoon2fa_2025-04-10.txt
448,url,Network activity,hxxps[://]2tduo1[.]kxazpjep[.]ru/jawari@pcwcg8p,True,'check' URL (pre-landing redirect),2025-03-27,2025-04-10,2,esentire_tycoon2fa_2025-03-27.txt; esentire_tycoon2fa_2025-04-10.txt
449,url,Network activity,hxxps[://]2u13[.]dolmstran[.]ru/CQx9g/,True,landing URL,2025-03-27,2025-03-27,1,esentire_tycoon2fa_2025-03-27.txt
450,url,Network activity,hxxps[://]36t[.]cuisbp[.]ru/chai$i8go1m,True,'check' URL (pre-landing redirect),2025-04-10,2025-04-10,1,esentire_tycoon2fa_2025-04-10.txt
451,url,Network activity,hxxps[://]3pe0x[.]zvaznx[.]ru/ando$s56fx4j,True,'check' URL (pre-landing redirect),2025-03-27,2025-04-10,2,esentire_tycoon2fa_2025-03-27.txt; esentire_tycoon2fa_2025-04-10.txt
452,url,Network activity,hxxps[://]41j[.]gqzxtn[.]ru/phudi@ja5rm,True,'check' URL (pre-landing redirect),2025-04-10,2025-04-10,1,esentire_tycoon2fa_2025-04-10.txt
453,url,Network activity,hxxps[://]43yo[.]visitern[.]ru/ando!8p3e99,True,'check' URL (pre-landing redirect),2025-04-10,2025-04-10,1,esentire_tycoon2fa_2025-04-10.txt
454,url,Network activity,hxxps[://]46o[.]djktgj[.]ru/machlo@l5o5fpq,True,'check' URL (pre-landing redirect),2025-04-10,2025-04-10,1,esentire_tycoon2fa_2025-04-10.txt
455,url,Network activity,hxxps[://]4d[.]ujyzpa[.]ru/lice2ym/,True,landing URL,2025-03-27,2025-03-27,1,esentire_tycoon2fa_2025-03-27.txt
456,url,Network activity,hxxps[://]4h7rue[.]mlniojjrwm[.]ru/gando$qwx7,True,'check' URL (pre-landing redirect),2025-04-10,2025-04-10,1,esentire_tycoon2fa_2025-04-10.txt
457,url,Network activity,hxxps[://]4i94y[.]fukbaf[.]ru/gando$3umxlwo,True,'check' URL (pre-landing redirect),2025-04-10,2025-04-10,1,esentire_tycoon2fa_2025-04-10.txt
458,url,Network activity,hxxps[://]4rs9io[.]bkjuy[.]ru/HjkZZTB3/,True,landing URL,2025-03-27,2025-03-27,1,esentire_tycoon2fa_2025-03-27.txt
459,url,Network activity,hxxps[://]5ip[.]gijbwpyq[.]ru/loray@rgtn33,True,'check' URL (pre-landing redirect),2025-04-10,2025-04-10,1,esentire_tycoon2fa_2025-04-10.txt
460,url,Network activity,hxxps[://]5pl[.]ifxyyqczjm[.]ru/nALdlB/,True,landing URL,2025-03-27,2025-03-27,1,esentire_tycoon2fa_2025-03-27.txt
461,url,Network activity,hxxps[://]6dje[.]aezeib[.]ru/machlo$17ddj,True,'check' URL (pre-landing redirect),2025-03-27,2025-04-10,2,esentire_tycoon2fa_2025-03-27.txt; esentire_tycoon2fa_2025-04-10.txt
462,url,Network activity,hxxps[://]6pavoh[.]gadyks[.]ru/chai@ry8wcv,True,'check' URL (pre-landing redirect),2025-04-10,2025-04-10,1,esentire_tycoon2fa_2025-04-10.txt
463,url,Network activity,hxxps[://]70ocsr[.]kdyukk[.]ru/kella$96npxgm,True,'check' URL (pre-landing redirect),2025-03-27,2025-04-10,2,esentire_tycoon2fa_2025-03-27.txt; esentire_tycoon2fa_2025-04-10.txt
464,url,Network activity,hxxps[://]71wv0[.]bnschb[.]ru/tatay!6q48i6f,True,'check' URL (pre-landing redirect),2025-04-10,2025-04-10,1,esentire_tycoon2fa_2025-04-10.txt
465,url,Network activity,hxxps[://]78xp[.]kqnsgn[.]ru/loray!c92ky29u,True,'check' URL (pre-landing redirect),2025-04-10,2025-04-10,1,esentire_tycoon2fa_2025-04-10.txt
466,url,Network activity,hxxps[://]7925[.]xvfzhzri[.]ru/tatay!j03et,True,'check' URL (pre-landing redirect),2025-03-27,2025-04-10,2,esentire_tycoon2fa_2025-03-27.txt; esentire_tycoon2fa_2025-04-10.txt
467,url,Network activity,hxxps[://]7cjt[.]mlniojjrwm[.]ru/ando$hekwr,True,'check' URL (pre-landing redirect),2025-04-10,2025-04-10,1,esentire_tycoon2fa_2025-04-10.txt
468,url,Network activity,hxxps[://]7iikc[.]bnschb[.]ru/loray!lla6p2nj,True,'check' URL (pre-landing redirect),2025-04-10,2025-04-10,1,esentire_tycoon2fa_2025-04-10.txt
469,url,Network activity,hxxps[://]7r[.]oneyelato[.]ru/y7xMh/,True,landing URL,2025-03-27,2025-03-27,1,esentire_tycoon2fa_2025-03-27.txt
470,url,Network activity,hxxps[://]91bl0[.]tjezyf[.]ru/jawari@0zzxrce,True,'check' URL (pre-landing redirect),2025-03-27,2025-04-10,2,esentire_tycoon2fa_2025-03-27.txt; esentire_tycoon2fa_2025-04-10.txt
471,url,Network activity,hxxps[://]99t[.]vocalentr[.]ru/3JO93Fm/,True,landing URL,2025-03-27,2025-03-27,1,esentire_tycoon2fa_2025-03-27.txt
472,url,Network activity,hxxps[://]9av[.]zktrgom[.]ru/tWI4p/,True,landing URL,2025-03-27,2025-03-27,1,esentire_tycoon2fa_2025-03-27.txt
473,url,Network activity,hxxps[://]9hal[.]zpimlc[.]ru/jawari!0j4u2c,True,'check' URL (pre-landing redirect),2025-04-10,2025-04-10,1,esentire_tycoon2fa_2025-04-10.txt
474,url,Network activity,hxxps[://]a0ucy[.]gijbwpyq[.]ru/ando!jfhwq,True,'check' URL (pre-landing redirect),2025-04-10,2025-04-10,1,esentire_tycoon2fa_2025-04-10.txt
475,url,Network activity,hxxps[://]a7uuy[.]cuisbp[.]ru/rand@mc3mk5,True,'check' URL (pre-landing redirect),2025-04-10,2025-04-10,1,esentire_tycoon2fa_2025-04-10.txt
476,url,Network activity,hxxps[://]aajauy[.]ytnynj[.]ru/loray$5wvfti,True,'check' URL (pre-landing redirect),2025-04-10,2025-04-10,1,esentire_tycoon2fa_2025-04-10.txt
477,url,Network activity,hxxps[://]aik[.]threaw[.]ru/BlKkhx/,True,landing URL,2025-03-27,2025-03-27,1,esentire_tycoon2fa_2025-03-27.txt
478,url,Network activity,hxxps[://]alchoi[.]udxbjl[.]ru/chai$x67j0m,True,'check' URL (pre-landing redirect),2025-04-10,2025-04-10,1,esentire_tycoon2fa_2025-04-10.txt
479,url,Network activity,hxxps[://]anh8g6[.]zvaznx[.]ru/kella@e2hsdfee,True,'check' URL (pre-landing redirect),2025-03-27,2025-04-10,2,esentire_tycoon2fa_2025-03-27.txt; esentire_tycoon2fa_2025-04-10.txt
480,url,Network activity,hxxps[://]ap[.]ablomholti[.]ru/DEza8W0M/,True,landing URL,2025-03-27,2025-03-27,1,esentire_tycoon2fa_2025-03-27.txt
481,url,Network activity,hxxps[://]arr[.]pnkptj[.]ru/gando@33c0,True,'check' URL (pre-landing redirect),2025-04-10,2025-04-10,1,esentire_tycoon2fa_2025-04-10.txt
482,url,Network activity,hxxps[://]artist[.]yedrene[.]best/botchain~tivtef,True,'check' URL (pre-landing redirect),2026-03-23,2026-03-23,1,esentire_tycoon2fa_2026-03-23.txt
483,url,Network activity,hxxps[://]as65cj[.]crimiwa[.]sa[.]com/lani!82fa4a,True,'check' URL (pre-landing redirect),2026-03-23,2026-03-23,1,esentire_tycoon2fa_2026-03-23.txt
484,url,Network activity,hxxps[://]asw[.]cretrousteafi[.]icu/QsX!fgbZar,True,'check' URL (pre-landing redirect),2026-03-23,2026-03-23,1,esentire_tycoon2fa_2026-03-23.txt
485,url,Network activity,hxxps[://]b2qky[.]vxmeszv[.]ru/kella!8ecxhbc,True,'check' URL (pre-landing redirect),2025-03-27,2025-04-10,2,esentire_tycoon2fa_2025-03-27.txt; esentire_tycoon2fa_2025-04-10.txt
486,url,Network activity,hxxps[://]b7vdo5[.]ajcffp[.]ru/phudi$r7gphp,True,'check' URL (pre-landing redirect),2025-03-27,2025-04-10,2,esentire_tycoon2fa_2025-03-27.txt; esentire_tycoon2fa_2025-04-10.txt
487,url,Network activity,hxxps[://]b7vdo5[.]ajcffp[.]ru/phudi$r7gphp/,True,'check' URL (pre-landing redirect),2025-03-27,2025-03-27,1,esentire_tycoon2fa_2025-03-27.txt
488,url,Network activity,hxxps[://]bay[.]rifoupoumeshoo[.]club/cyberia~vsrfjhp,True,'check' URL (pre-landing redirect),2026-03-23,2026-03-23,1,esentire_tycoon2fa_2026-03-23.txt
489,url,Network activity,hxxps[://]bftzm2[.]lqeofyxipv[.]ru/rand!jote0f,True,'check' URL (pre-landing redirect),2025-04-10,2025-04-10,1,esentire_tycoon2fa_2025-04-10.txt
490,url,Network activity,hxxps[://]bt1fy0[.]ajcffp[.]ru/phudi!6wxwlpws,True,'check' URL (pre-landing redirect),2025-03-27,2025-04-10,2,esentire_tycoon2fa_2025-03-27.txt; esentire_tycoon2fa_2025-04-10.txt
491,url,Network activity,hxxps[://]bt1fy0[.]ajcffp[.]ru/phudi!6wxwlpws/,True,'check' URL (pre-landing redirect),2025-03-27,2025-03-27,1,esentire_tycoon2fa_2025-03-27.txt
492,url,Network activity,hxxps[://]btup[.]tjezyf[.]ru/loray@yescdt,True,'check' URL (pre-landing redirect),2025-03-27,2025-04-10,2,esentire_tycoon2fa_2025-03-27.txt; esentire_tycoon2fa_2025-04-10.txt
493,url,Network activity,hxxps[://]bvmugq[.]tjezyf[.]ru/chiriya!6vetdf9,True,'check' URL (pre-landing redirect),2025-03-27,2025-04-10,2,esentire_tycoon2fa_2025-03-27.txt; esentire_tycoon2fa_2025-04-10.txt
494,url,Network activity,hxxps[://]bvpg7[.]aezeib[.]ru/jawari!0ehe1,True,'check' URL (pre-landing redirect),2025-03-27,2025-04-10,2,esentire_tycoon2fa_2025-03-27.txt; esentire_tycoon2fa_2025-04-10.txt
495,url,Network activity,hxxps[://]bxfy[.]oustiono[.]ru/chai@8id82f,True,'check' URL (pre-landing redirect),2025-03-27,2025-04-10,2,esentire_tycoon2fa_2025-03-27.txt; esentire_tycoon2fa_2025-04-10.txt
496,url,Network activity,hxxps[://]c2uah[.]yazvbqkl[.]ru/QPImv5ff/,True,landing URL,2025-03-27,2025-03-27,1,esentire_tycoon2fa_2025-03-27.txt
497,url,Network activity,hxxps[://]c4s1[.]ytnynj[.]ru/jawari$0e65fi,True,'check' URL (pre-landing redirect),2025-04-10,2025-04-10,1,esentire_tycoon2fa_2025-04-10.txt
498,url,Network activity,hxxps[://]capital[.]yljdimage[.]com/rCKK9Y!Gz3W36fhLio,True,'check' URL (pre-landing redirect),2026-03-23,2026-03-23,1,esentire_tycoon2fa_2026-03-23.txt
499,url,Network activity,hxxps[://]cedar[.]cethaicro[.]co[.]za/synthex~gpdanhdk,True,'check' URL (pre-landing redirect),2026-03-23,2026-03-23,1,esentire_tycoon2fa_2026-03-23.txt
500,url,Network activity,hxxps[://]chain[.]toushatou[.]beauty/quantum~sfrpmrpq,True,'check' URL (pre-landing redirect),2026-03-23,2026-03-23,1,esentire_tycoon2fa_2026-03-23.txt
501,url,Network activity,hxxps[://]chair[.]shustoufraithookea[.]qpon/mori!xpzmaqlz,True,'check' URL (pre-landing redirect),2026-03-23,2026-03-23,1,esentire_tycoon2fa_2026-03-23.txt
502,url,Network activity,hxxps[://]chart[.]nigafo[.]download/KFiLwyNLh0!lKFSu,True,'check' URL (pre-landing redirect),2026-03-23,2026-03-23,1,esentire_tycoon2fa_2026-03-23.txt
503,url,Network activity,hxxps[://]chart[.]nigafo[.]download/P@pp1hy9E60rcJ0RY7a,True,'check' URL (pre-landing redirect),2026-03-23,2026-03-23,1,esentire_tycoon2fa_2026-03-23.txt
504,url,Network activity,hxxps[://]cloud[.]shailoyio[.]com/FqBjqG@z5bRJsOgj789,True,'check' URL (pre-landing redirect),2026-03-23,2026-03-23,1,esentire_tycoon2fa_2026-03-23.txt
505,url,Network activity,hxxps[://]coat[.]jadubo[.]courses/bytecore~pfyo,True,'check' URL (pre-landing redirect),2026-03-23,2026-03-23,1,esentire_tycoon2fa_2026-03-23.txt
506,url,Network activity,hxxps[://]coc1h1[.]qakaco[.]ru/ando@8yeo1m,True,'check' URL (pre-landing redirect),2025-03-27,2025-04-10,2,esentire_tycoon2fa_2025-03-27.txt; esentire_tycoon2fa_2025-04-10.txt
507,url,Network activity,hxxps[://]college[.]petristifrouja[.]bar/inflect~wuzfnrjp,True,'check' URL (pre-landing redirect),2026-03-23,2026-03-23,1,esentire_tycoon2fa_2026-03-23.txt
508,url,Network activity,hxxps[://]colombia[.]shoomoweajai[.]cyou/tamatar$hbpjurmf,True,'check' URL (pre-landing redirect),2026-03-23,2026-03-23,1,esentire_tycoon2fa_2026-03-23.txt
509,url,Network activity,hxxps[://]cpus[.]hhswwqz[.]ru/Zl5uza/,True,landing URL,2025-03-27,2025-03-27,1,esentire_tycoon2fa_2025-03-27.txt
510,url,Network activity,hxxps[://]cruise[.]reafraiyousteaga[.]qpon/deeplink~lrext,True,'check' URL (pre-landing redirect),2026-03-23,2026-03-23,1,esentire_tycoon2fa_2026-03-23.txt
511,url,Network activity,hxxps[://]d42[.]hqfyed[.]ru/phudi@q9gocv4,True,'check' URL (pre-landing redirect),2025-03-27,2025-04-10,2,esentire_tycoon2fa_2025-03-27.txt; esentire_tycoon2fa_2025-04-10.txt
512,url,Network activity,hxxps[://]da[.]roedgentewca[.]ru/9xyEa/,True,landing URL,2025-03-27,2025-03-27,1,esentire_tycoon2fa_2025-03-27.txt
513,url,Network activity,hxxps[://]dao[.]civushea[.]sbs/JFlgjDl2EjVzb!FZqcFbzoH,True,'check' URL (pre-landing redirect),2026-03-23,2026-03-23,1,esentire_tycoon2fa_2026-03-23.txt
514,url,Network activity,hxxps[://]dfzr8b[.]ytnynj[.]ru/phudi!x27344k,True,'check' URL (pre-landing redirect),2025-04-10,2025-04-10,1,esentire_tycoon2fa_2025-04-10.txt
515,url,Network activity,hxxps[://]donation[.]cewiobu[.]center/aQ@DA6ah3,True,'check' URL (pre-landing redirect),2026-03-23,2026-03-23,1,esentire_tycoon2fa_2026-03-23.txt
516,url,Network activity,hxxps[://]dt[.]remidro[.]ru/puWf/,True,landing URL,2025-03-27,2025-03-27,1,esentire_tycoon2fa_2025-03-27.txt
517,url,Network activity,hxxps[://]dubai[.]vaikaza[.]sa[.]com/cortex~hcgho,True,'check' URL (pre-landing redirect),2026-03-23,2026-03-23,1,esentire_tycoon2fa_2026-03-23.txt
518,url,Network activity,hxxps[://]dud9[.]nmpjkg[.]ru/phudi$15naozc,True,'check' URL (pre-landing redirect),2025-03-27,2025-04-10,2,esentire_tycoon2fa_2025-03-27.txt; esentire_tycoon2fa_2025-04-10.txt
519,url,Network activity,hxxps[://]dzuj[.]aezeib[.]ru/kella$d7y3ty,True,'check' URL (pre-landing redirect),2025-03-27,2025-04-10,2,esentire_tycoon2fa_2025-03-27.txt; esentire_tycoon2fa_2025-04-10.txt
520,url,Network activity,hxxps[://]e[.]goowevea[.]digital/GEmwXMQf@4eL53ZF4,True,'check' URL (pre-landing redirect),2026-03-23,2026-03-23,1,esentire_tycoon2fa_2026-03-23.txt
521,url,Network activity,hxxps[://]e6gl[.]lqeofyxipv[.]ru/machlo@4k874lsg,True,'check' URL (pre-landing redirect),2025-04-10,2025-04-10,1,esentire_tycoon2fa_2025-04-10.txt
522,url,Network activity,hxxps[://]ed47[.]eqgegucq[.]ru/SaqM/,True,landing URL,2025-03-27,2025-03-27,1,esentire_tycoon2fa_2025-03-27.txt
523,url,Network activity,hxxps[://]eevgd[.]djktgj[.]ru/kella!5jpk2g,True,'check' URL (pre-landing redirect),2025-03-27,2025-04-10,2,esentire_tycoon2fa_2025-03-27.txt; esentire_tycoon2fa_2025-04-10.txt
524,url,Network activity,hxxps[://]egeb[.]lnlwyw[.]ru/chiriya@8zqaozu,True,'check' URL (pre-landing redirect),2025-04-10,2025-04-10,1,esentire_tycoon2fa_2025-04-10.txt
525,url,Network activity,hxxps[://]eurxo[.]hxnywi[.]ru/chiriya@0m5oy4,True,'check' URL (pre-landing redirect),2025-03-27,2025-04-10,2,esentire_tycoon2fa_2025-03-27.txt; esentire_tycoon2fa_2025-04-10.txt
526,url,Network activity,hxxps[://]f1mifn[.]ajcffp[.]ru/machlo$fv21fp9,True,'check' URL (pre-landing redirect),2025-03-27,2025-04-10,2,esentire_tycoon2fa_2025-03-27.txt; esentire_tycoon2fa_2025-04-10.txt
527,url,Network activity,hxxps[://]fax4d[.]kdyukk[.]ru/kabutar$7ne9j5d,True,'check' URL (pre-landing redirect),2025-03-27,2025-04-10,2,esentire_tycoon2fa_2025-03-27.txt; esentire_tycoon2fa_2025-04-10.txt
528,url,Network activity,hxxps[://]fl82g[.]gadyks[.]ru/machlo!19ks0,True,'check' URL (pre-landing redirect),2025-03-27,2025-04-10,2,esentire_tycoon2fa_2025-03-27.txt; esentire_tycoon2fa_2025-04-10.txt
529,url,Network activity,hxxps[://]flirpg[.]nmpjkg[.]ru/loray!j0j4um,True,'check' URL (pre-landing redirect),2025-03-27,2025-04-10,2,esentire_tycoon2fa_2025-03-27.txt; esentire_tycoon2fa_2025-04-10.txt
530,url,Network activity,hxxps[://]fupz5[.]cuisbp[.]ru/phudi!hecjd8n,True,'check' URL (pre-landing redirect),2025-03-27,2025-04-10,2,esentire_tycoon2fa_2025-03-27.txt; esentire_tycoon2fa_2025-04-10.txt
531,url,Network activity,hxxps[://]g1t[.]kolivax[.]ru/ckYHFJN/,True,landing URL,2025-03-27,2025-03-27,1,esentire_tycoon2fa_2025-03-27.txt
532,url,Network activity,hxxps[://]g7[.]horestnou[.]ru/0cGLdK5/,True,landing URL,2025-03-27,2025-03-27,1,esentire_tycoon2fa_2025-03-27.txt
533,url,Network activity,hxxps[://]ge4x[.]purpxqha[.]ru/ando!readlz,True,'check' URL (pre-landing redirect),2025-04-10,2025-04-10,1,esentire_tycoon2fa_2025-04-10.txt
534,url,Network activity,hxxps[://]geb2od[.]lqeofyxipv[.]ru/machlo$5u7f5w7,True,'check' URL (pre-landing redirect),2025-04-10,2025-04-10,1,esentire_tycoon2fa_2025-04-10.txt
535,url,Network activity,hxxps[://]gncgo[.]bnschb[.]ru/gando!a26bu,True,'check' URL (pre-landing redirect),2025-04-10,2025-04-10,1,esentire_tycoon2fa_2025-04-10.txt
536,url,Network activity,hxxps[://]gqye[.]qlujwb[.]ru/machlo$o8w81e,True,'check' URL (pre-landing redirect),2025-04-10,2025-04-10,1,esentire_tycoon2fa_2025-04-10.txt
537,url,Network activity,hxxps[://]grcgo[.]hxnywi[.]ru/phudi$6ixh2,True,'check' URL (pre-landing redirect),2025-03-27,2025-04-10,2,esentire_tycoon2fa_2025-03-27.txt; esentire_tycoon2fa_2025-04-10.txt
538,url,Network activity,hxxps[://]grcgo[.]hxnywi[.]ru/phudi$6ixh2/,True,'check' URL (pre-landing redirect),2025-03-27,2025-03-27,1,esentire_tycoon2fa_2025-03-27.txt
539,url,Network activity,hxxps[://]gremlin[.]craifishi[.]business/JDjshI!j1X,True,'check' URL (pre-landing redirect),2026-03-23,2026-03-23,1,esentire_tycoon2fa_2026-03-23.txt
540,url,Network activity,hxxps[://]gx[.]pdpdocja[.]ru/xOmlQb/,True,landing URL,2025-03-27,2025-03-27,1,esentire_tycoon2fa_2025-03-27.txt
541,url,Network activity,hxxps[://]h1p3[.]ajcffp[.]ru/chiriya!xogyvyyu,True,'check' URL (pre-landing redirect),2025-03-27,2025-04-10,2,esentire_tycoon2fa_2025-03-27.txt; esentire_tycoon2fa_2025-04-10.txt
542,url,Network activity,hxxps[://]he4l[.]jokxocpy[.]ru/eTvJ/,True,landing URL,2025-03-27,2025-03-27,1,esentire_tycoon2fa_2025-03-27.txt
543,url,Network activity,hxxps[://]heltnu[.]v-bnhatn[.]ru/phudi!ilrrazh,True,'check' URL (pre-landing redirect),2025-03-27,2025-04-10,2,esentire_tycoon2fa_2025-03-27.txt; esentire_tycoon2fa_2025-04-10.txt
544,url,Network activity,hxxps[://]huto9[.]ajcffp[.]ru/tatay!l6jjb9,True,'check' URL (pre-landing redirect),2025-03-27,2025-04-10,2,esentire_tycoon2fa_2025-03-27.txt; esentire_tycoon2fa_2025-04-10.txt
545,url,Network activity,hxxps[://]i008[.]glatrcisfx[.]ru/machlo$7j0gwc,True,'check' URL (pre-landing redirect),2025-04-10,2025-04-10,1,esentire_tycoon2fa_2025-04-10.txt
546,url,Network activity,hxxps[://]i1e7[.]uishkfyv[.]ru/chai$qfcd44ma,True,'check' URL (pre-landing redirect),2025-04-10,2025-04-10,1,esentire_tycoon2fa_2025-04-10.txt
547,url,Network activity,hxxps[://]i1ivp9[.]kdyukk[.]ru/chai!34aifoc,True,'check' URL (pre-landing redirect),2025-03-27,2025-04-10,2,esentire_tycoon2fa_2025-03-27.txt; esentire_tycoon2fa_2025-04-10.txt
548,url,Network activity,hxxps[://]i57bn[.]lqeofyxipv[.]ru/tatay$3ifuqb,True,'check' URL (pre-landing redirect),2025-04-10,2025-04-10,1,esentire_tycoon2fa_2025-04-10.txt
549,url,Network activity,hxxps[://]international[.]fesxtmc[.]com/2zbyaS9u2sI@oYU3r0q2P9c4hLWH,True,'check' URL (pre-landing redirect),2026-03-23,2026-03-23,1,esentire_tycoon2fa_2026-03-23.txt
550,url,Network activity,hxxps[://]ionic[.]tehipio[.]ink/NAs7P9!D62Jri18pL,True,'check' URL (pre-landing redirect),2026-03-23,2026-03-23,1,esentire_tycoon2fa_2026-03-23.txt
551,url,Network activity,hxxps[://]iw5ir[.]aezeib[.]ru/rand$e6t3o,True,'check' URL (pre-landing redirect),2025-03-27,2025-04-10,2,esentire_tycoon2fa_2025-03-27.txt; esentire_tycoon2fa_2025-04-10.txt
552,url,Network activity,hxxps[://]j1m6g0[.]ajcffp[.]ru/kella!nbr51,True,'check' URL (pre-landing redirect),2025-03-27,2025-04-10,2,esentire_tycoon2fa_2025-03-27.txt; esentire_tycoon2fa_2025-04-10.txt
553,url,Network activity,hxxps[://]j9l2d[.]kqnsgn[.]ru/rand@43m0rr,True,'check' URL (pre-landing redirect),2025-04-10,2025-04-10,1,esentire_tycoon2fa_2025-04-10.txt
554,url,Network activity,hxxps[://]jcmhy[.]zvaznx[.]ru/machlo!53pwpie,True,'check' URL (pre-landing redirect),2025-03-27,2025-04-10,2,esentire_tycoon2fa_2025-03-27.txt; esentire_tycoon2fa_2025-04-10.txt
555,url,Network activity,hxxps[://]jejfmk[.]kdyukk[.]ru/chai!15evc12n,True,'check' URL (pre-landing redirect),2025-03-27,2025-04-10,2,esentire_tycoon2fa_2025-03-27.txt; esentire_tycoon2fa_2025-04-10.txt
556,url,Network activity,hxxps[://]jhn80[.]ntonteral[.]ru/kella$9pv05,True,'check' URL (pre-landing redirect),2025-03-27,2025-04-10,2,esentire_tycoon2fa_2025-03-27.txt; esentire_tycoon2fa_2025-04-10.txt
557,url,Network activity,hxxps[://]jroyy8[.]aldiwe[.]ru/chiriya!bc8x7,True,'check' URL (pre-landing redirect),2025-04-10,2025-04-10,1,esentire_tycoon2fa_2025-04-10.txt
558,url,Network activity,hxxps[://]jui[.]osejonco[.]ru/r0lfuHO4/,True,landing URL,2025-03-27,2025-03-27,1,esentire_tycoon2fa_2025-03-27.txt
559,url,Network activity,hxxps[://]jymwd1[.]aldiwe[.]ru/ando@blv7cam,True,'check' URL (pre-landing redirect),2025-04-10,2025-04-10,1,esentire_tycoon2fa_2025-04-10.txt
560,url,Network activity,hxxps[://]k5d0r[.]tzgozx[.]ru/chiriya$990iacsn,True,'check' URL (pre-landing redirect),2025-03-27,2025-04-10,2,esentire_tycoon2fa_2025-03-27.txt; esentire_tycoon2fa_2025-04-10.txt
561,url,Network activity,hxxps[://]l1h[.]toliviraxen[.]ru/MzobBPAf/,True,landing URL,2025-03-27,2025-03-27,1,esentire_tycoon2fa_2025-03-27.txt
562,url,Network activity,hxxps[://]leopard[.]teashaboulouve[.]qpon/barfi$ckwup,True,'check' URL (pre-landing redirect),2026-03-23,2026-03-23,1,esentire_tycoon2fa_2026-03-23.txt
563,url,Network activity,hxxps[://]lhe9[.]idmquc[.]ru/loray@ban3j,True,'check' URL (pre-landing redirect),2025-04-10,2025-04-10,1,esentire_tycoon2fa_2025-04-10.txt
564,url,Network activity,hxxps[://]m4grhs[.]revishbos[.]ru/ando@aojwa9,True,'check' URL (pre-landing redirect),2025-03-27,2025-04-10,2,esentire_tycoon2fa_2025-03-27.txt; esentire_tycoon2fa_2025-04-10.txt
565,url,Network activity,hxxps[://]mau8h[.]mftvowd[.]ru/phudi@1w0ksp6y,True,'check' URL (pre-landing redirect),2025-03-27,2025-04-10,2,esentire_tycoon2fa_2025-03-27.txt; esentire_tycoon2fa_2025-04-10.txt
566,url,Network activity,hxxps[://]mdw[.]viugbu[.]ru/gando$567g,True,'check' URL (pre-landing redirect),2025-04-10,2025-04-10,1,esentire_tycoon2fa_2025-04-10.txt
567,url,Network activity,hxxps[://]melon[.]teashaboulouve[.]qpon/kanjari!nxqifmv,True,'check' URL (pre-landing redirect),2026-03-23,2026-03-23,1,esentire_tycoon2fa_2026-03-23.txt
568,url,Network activity,hxxps[://]mosquito[.]dralilai[.]beauty/bytecore~qmbpdnr,True,'check' URL (pre-landing redirect),2026-03-23,2026-03-23,1,esentire_tycoon2fa_2026-03-23.txt
569,url,Network activity,hxxps[://]mpob8f[.]aezeib[.]ru/machlo$bse9vw,True,'check' URL (pre-landing redirect),2025-03-27,2025-04-10,2,esentire_tycoon2fa_2025-03-27.txt; esentire_tycoon2fa_2025-04-10.txt
570,url,Network activity,hxxps[://]mwvn[.]wqaaslir[.]ru/gando$ii3x1h8r,True,'check' URL (pre-landing redirect),2025-03-27,2025-04-10,2,esentire_tycoon2fa_2025-03-27.txt; esentire_tycoon2fa_2025-04-10.txt
571,url,Network activity,hxxps[://]n1[.]gamnfztl[.]ru/aT2Qm/,True,landing URL,2025-03-27,2025-03-27,1,esentire_tycoon2fa_2025-03-27.txt
572,url,Network activity,hxxps[://]n5ll[.]kdyukk[.]ru/tatay!6vbjsd,True,'check' URL (pre-landing redirect),2025-03-27,2025-04-10,2,esentire_tycoon2fa_2025-03-27.txt; esentire_tycoon2fa_2025-04-10.txt
573,url,Network activity,hxxps[://]n6as[.]cuisbp[.]ru/chai$j8av,True,'check' URL (pre-landing redirect),2025-04-10,2025-04-10,1,esentire_tycoon2fa_2025-04-10.txt
574,url,Network activity,hxxps[://]nhkh[.]dolmstran[.]ru/CQx9g/,True,landing URL,2025-03-27,2025-03-27,1,esentire_tycoon2fa_2025-03-27.txt
575,url,Network activity,hxxps[://]nukaop[.]biijvi[.]ru/jawari@s6xs9,True,'check' URL (pre-landing redirect),2025-03-27,2025-04-10,2,esentire_tycoon2fa_2025-03-27.txt; esentire_tycoon2fa_2025-04-10.txt
576,url,Network activity,hxxps[://]nv9xq[.]uishkfyv[.]ru/rand$ozspnlot,True,'check' URL (pre-landing redirect),2025-04-10,2025-04-10,1,esentire_tycoon2fa_2025-04-10.txt
577,url,Network activity,hxxps[://]nx7q58[.]zpimlc[.]ru/chiriya$z2r3try,True,'check' URL (pre-landing redirect),2025-04-10,2025-04-10,1,esentire_tycoon2fa_2025-04-10.txt
578,url,Network activity,hxxps[://]nz[.]freshmnind[.]ru/E9nFcFhuAwW2u/,True,landing URL,2025-03-27,2025-03-27,1,esentire_tycoon2fa_2025-03-27.txt
579,url,Network activity,hxxps[://]o6a0r[.]gqzxtn[.]ru/phudi@g3wxd9,True,'check' URL (pre-landing redirect),2025-04-10,2025-04-10,1,esentire_tycoon2fa_2025-04-10.txt
580,url,Network activity,hxxps[://]o6d4ac[.]br-izeffs[.]ru/kabutar$3pacrw,True,'check' URL (pre-landing redirect),2025-03-27,2025-04-10,2,esentire_tycoon2fa_2025-03-27.txt; esentire_tycoon2fa_2025-04-10.txt
581,url,Network activity,hxxps[://]oaiaon[.]lqeofyxipv[.]ru/chiriya!gorqo4,True,'check' URL (pre-landing redirect),2025-04-10,2025-04-10,1,esentire_tycoon2fa_2025-04-10.txt
582,url,Network activity,hxxps[://]ocfne8[.]gqzxtn[.]ru/jawari$qu5xbcs,True,'check' URL (pre-landing redirect),2025-04-10,2025-04-10,1,esentire_tycoon2fa_2025-04-10.txt
583,url,Network activity,hxxps[://]ogiv[.]lqeofyxipv[.]ru/machlo!k03npr,True,'check' URL (pre-landing redirect),2025-04-10,2025-04-10,1,esentire_tycoon2fa_2025-04-10.txt
584,url,Network activity,hxxps[://]oil[.]tracroo[.]it[.]com/kanjari$schxiev,True,'check' URL (pre-landing redirect),2026-03-23,2026-03-23,1,esentire_tycoon2fa_2026-03-23.txt
585,url,Network activity,hxxps[://]ojjk[.]threaw[.]ru/BlKkhx/,True,landing URL,2025-03-27,2025-03-27,1,esentire_tycoon2fa_2025-03-27.txt
586,url,Network activity,hxxps[://]ol190[.]lnlwyw[.]ru/gando@3ao0qk3,True,'check' URL (pre-landing redirect),2025-04-10,2025-04-10,1,esentire_tycoon2fa_2025-04-10.txt
587,url,Network activity,hxxps[://]olnisa[.]ru/sklad/,True,landing URL,2025-03-27,2025-03-27,1,esentire_tycoon2fa_2025-03-27.txt
588,url,Network activity,hxxps[://]ooen[.]pnkptj[.]ru/tatay@4hkii,True,'check' URL (pre-landing redirect),2025-03-27,2025-04-10,2,esentire_tycoon2fa_2025-03-27.txt; esentire_tycoon2fa_2025-04-10.txt
589,url,Network activity,hxxps[://]pdsg[.]lxkmxykopx[.]ru/UrHYeC/,True,landing URL,2025-03-27,2025-03-27,1,esentire_tycoon2fa_2025-03-27.txt
590,url,Network activity,hxxps[://]pj0ao[.]drogdordr[.]ru/phudi$11mt3,True,'check' URL (pre-landing redirect),2025-03-27,2025-04-10,2,esentire_tycoon2fa_2025-03-27.txt; esentire_tycoon2fa_2025-04-10.txt
591,url,Network activity,hxxps[://]pncf[.]aleonanob[.]ru/CqUns/,True,landing URL,2025-03-27,2025-03-27,1,esentire_tycoon2fa_2025-03-27.txt
592,url,Network activity,hxxps[://]pop3[.]kouvadre[.]ink/n!RNuaRBvF,True,'check' URL (pre-landing redirect),2026-03-23,2026-03-23,1,esentire_tycoon2fa_2026-03-23.txt
593,url,Network activity,hxxps[://]powershell[.]traibiru[.]world/MoN1j9!lhq6bt0QZUd3xo,True,'check' URL (pre-landing redirect),2026-03-23,2026-03-23,1,esentire_tycoon2fa_2026-03-23.txt
594,url,Network activity,hxxps[://]pt51[.]hjxjov[.]ru/gando$7xh8m,True,'check' URL (pre-landing redirect),2025-03-27,2025-04-10,2,esentire_tycoon2fa_2025-03-27.txt; esentire_tycoon2fa_2025-04-10.txt
595,url,Network activity,hxxps[://]q0z0yr[.]lqeofyxipv[.]ru/rand@lbjwq3,True,'check' URL (pre-landing redirect),2025-04-10,2025-04-10,1,esentire_tycoon2fa_2025-04-10.txt
596,url,Network activity,hxxps[://]q30zx[.]skfqca[.]ru/machlo$esabgb,True,'check' URL (pre-landing redirect),2025-03-27,2025-04-10,2,esentire_tycoon2fa_2025-03-27.txt; esentire_tycoon2fa_2025-04-10.txt
597,url,Network activity,hxxps[://]qi2tp2[.]zpimlc[.]ru/chai@idp70xb,True,'check' URL (pre-landing redirect),2025-04-10,2025-04-10,1,esentire_tycoon2fa_2025-04-10.txt
598,url,Network activity,hxxps[://]qjuy[.]virbutr[.]ru/kabutar!36yn8h,True,'check' URL (pre-landing redirect),2025-03-27,2025-04-10,2,esentire_tycoon2fa_2025-03-27.txt; esentire_tycoon2fa_2025-04-10.txt
599,url,Network activity,hxxps[://]qql9k[.]ytnynj[.]ru/gando@4fzmo,True,'check' URL (pre-landing redirect),2025-04-10,2025-04-10,1,esentire_tycoon2fa_2025-04-10.txt
600,url,Network activity,hxxps[://]qs1ywa[.]vsmaemhjvk[.]ru/vHFigT/,True,landing URL,2025-03-27,2025-03-27,1,esentire_tycoon2fa_2025-03-27.txt
601,url,Network activity,hxxps[://]qsb9[.]purpxqha[.]ru/phudi!kki1ln6,True,'check' URL (pre-landing redirect),2025-04-10,2025-04-10,1,esentire_tycoon2fa_2025-04-10.txt
602,url,Network activity,hxxps[://]qsx6a[.]aldiwe[.]ru/jawari!zewbbt,True,'check' URL (pre-landing redirect),2025-04-10,2025-04-10,1,esentire_tycoon2fa_2025-04-10.txt
603,url,Network activity,hxxps[://]qusu7[.]viugbu[.]ru/kabutar!5gfdh67,True,'check' URL (pre-landing redirect),2025-04-10,2025-04-10,1,esentire_tycoon2fa_2025-04-10.txt
604,url,Network activity,hxxps[://]qz92[.]gadyks[.]ru/tatay!j5ty6ra,True,'check' URL (pre-landing redirect),2025-03-27,2025-04-10,2,esentire_tycoon2fa_2025-03-27.txt; esentire_tycoon2fa_2025-04-10.txt
605,url,Network activity,hxxps[://]qzbyx8[.]aldfphv[.]ru/gando$xico6,True,'check' URL (pre-landing redirect),2025-03-27,2025-04-10,2,esentire_tycoon2fa_2025-03-27.txt; esentire_tycoon2fa_2025-04-10.txt
606,url,Network activity,hxxps[://]r0xl[.]nmpjkg[.]ru/jawari!276a2,True,'check' URL (pre-landing redirect),2025-03-27,2025-04-10,2,esentire_tycoon2fa_2025-03-27.txt; esentire_tycoon2fa_2025-04-10.txt
607,url,Network activity,hxxps[://]rk[.]tundabloom[.]ru/PasECe4vkHeZ/,True,landing URL,2025-03-27,2025-03-27,1,esentire_tycoon2fa_2025-03-27.txt
608,url,Network activity,hxxps[://]rknbj[.]ntonteral[.]ru/tatay$1gm3x,True,'check' URL (pre-landing redirect),2025-03-27,2025-04-10,2,esentire_tycoon2fa_2025-03-27.txt; esentire_tycoon2fa_2025-04-10.txt
609,url,Network activity,hxxps[://]ruv8d9[.]warthydri[.]ru/gando!0h5o7zxf,True,'check' URL (pre-landing redirect),2025-03-27,2025-04-10,2,esentire_tycoon2fa_2025-03-27.txt; esentire_tycoon2fa_2025-04-10.txt
610,url,Network activity,hxxps[://]rvco[.]jnfemo[.]ru/loray!h3bym,True,'check' URL (pre-landing redirect),2025-03-27,2025-04-10,2,esentire_tycoon2fa_2025-03-27.txt; esentire_tycoon2fa_2025-04-10.txt
611,url,Network activity,hxxps[://]s4v9uo[.]hqfyed[.]ru/tatay$chmkj,True,'check' URL (pre-landing redirect),2025-04-10,2025-04-10,1,esentire_tycoon2fa_2025-04-10.txt
612,url,Network activity,hxxps[://]s86[.]mlniojjrwm[.]ru/tatay!r0zmlg,True,'check' URL (pre-landing redirect),2025-04-10,2025-04-10,1,esentire_tycoon2fa_2025-04-10.txt
613,url,Network activity,hxxps[://]screen[.]thougai[.]beer/deeplink~kzgxgg,True,'check' URL (pre-landing redirect),2026-03-23,2026-03-23,1,esentire_tycoon2fa_2026-03-23.txt
614,url,Network activity,hxxps[://]shirt[.]roowothonio[.]cyou/taata!pnfnkxy,True,'check' URL (pre-landing redirect),2026-03-23,2026-03-23,1,esentire_tycoon2fa_2026-03-23.txt
615,url,Network activity,hxxps[://]sj1d[.]watcqbht[.]ru/7tYH/,True,landing URL,2025-03-27,2025-03-27,1,esentire_tycoon2fa_2025-03-27.txt
616,url,Network activity,hxxps[://]smn5[.]udxbjl[.]ru/chiriya!7ry60,True,'check' URL (pre-landing redirect),2025-04-10,2025-04-10,1,esentire_tycoon2fa_2025-04-10.txt
617,url,Network activity,hxxps[://]spark[.]shoupeatai[.]com/fwefO2D9nHcG@gocEQC6sK,True,'check' URL (pre-landing redirect),2026-03-23,2026-03-23,1,esentire_tycoon2fa_2026-03-23.txt
618,url,Network activity,hxxps[://]storm[.]thobewoofricrou[.]qpon/shapaki!gqhovo,True,'check' URL (pre-landing redirect),2026-03-23,2026-03-23,1,esentire_tycoon2fa_2026-03-23.txt
619,url,Network activity,hxxps[://]stostiyai[.]sistaidru[.]com/AzY2lX!X6pOuA,True,'check' URL (pre-landing redirect),2026-03-23,2026-03-23,1,esentire_tycoon2fa_2026-03-23.txt
620,url,Network activity,hxxps[://]support[.]traibiru[.]world/MoN1j9!Ihq6bt0QZUd3xo,True,'check' URL (pre-landing redirect),2026-03-23,2026-03-23,1,esentire_tycoon2fa_2026-03-23.txt
621,url,Network activity,hxxps[://]t1f7[.]zpimlc[.]ru/kella!ne4vygt1,True,'check' URL (pre-landing redirect),2025-04-10,2025-04-10,1,esentire_tycoon2fa_2025-04-10.txt
622,url,Network activity,hxxps[://]t4qo[.]zpimlc[.]ru/ando$r36ztx,True,'check' URL (pre-landing redirect),2025-04-10,2025-04-10,1,esentire_tycoon2fa_2025-04-10.txt
623,url,Network activity,hxxps[://]t8b9c[.]uishkfyv[.]ru/jawari$tiu7xtc,True,'check' URL (pre-landing redirect),2025-04-10,2025-04-10,1,esentire_tycoon2fa_2025-04-10.txt
624,url,Network activity,hxxps[://]tajikistan[.]noyaidetipio[.]qpon/chod$upcrib,True,'check' URL (pre-landing redirect),2026-03-23,2026-03-23,1,esentire_tycoon2fa_2026-03-23.txt
625,url,Network activity,hxxps[://]toad[.]yioso[.]beer/deeplink~lbwxph,True,'check' URL (pre-landing redirect),2026-03-23,2026-03-23,1,esentire_tycoon2fa_2026-03-23.txt
626,url,Network activity,hxxps[://]twvc[.]lnlwyw[.]ru/machlo$y9ndw4ic,True,'check' URL (pre-landing redirect),2025-04-10,2025-04-10,1,esentire_tycoon2fa_2025-04-10.txt
627,url,Network activity,hxxps[://]tymu[.]r2g69i65d[.]ru/Vz690a/,True,landing URL,2025-03-27,2025-03-27,1,esentire_tycoon2fa_2025-03-27.txt
628,url,Network activity,hxxps[://]tz5y[.]udxbjl[.]ru/rand!p833a5no,True,'check' URL (pre-landing redirect),2025-04-10,2025-04-10,1,esentire_tycoon2fa_2025-04-10.txt
629,url,Network activity,hxxps[://]u8dmr[.]aezeib[.]ru/chiriya$kxo3l,True,'check' URL (pre-landing redirect),2025-03-27,2025-04-10,2,esentire_tycoon2fa_2025-03-27.txt; esentire_tycoon2fa_2025-04-10.txt
630,url,Network activity,hxxps[://]ufw[.]xcsyiuul[.]ru/VgRu6z/,True,landing URL,2025-03-27,2025-03-27,1,esentire_tycoon2fa_2025-03-27.txt
631,url,Network activity,hxxps[://]uhp[.]mlniojjrwm[.]ru/tatay@718zo,True,'check' URL (pre-landing redirect),2025-04-10,2025-04-10,1,esentire_tycoon2fa_2025-04-10.txt
632,url,Network activity,hxxps[://]ujrz[.]uishkfyv[.]ru/rand@5mg7rnnu,True,'check' URL (pre-landing redirect),2025-04-10,2025-04-10,1,esentire_tycoon2fa_2025-04-10.txt
633,url,Network activity,hxxps[://]upjgt6[.]djktgj[.]ru/rand!7wj0n,True,'check' URL (pre-landing redirect),2025-03-27,2025-04-10,2,esentire_tycoon2fa_2025-03-27.txt; esentire_tycoon2fa_2025-04-10.txt
634,url,Network activity,hxxps[://]ux2[.]hifohd[.]ru/LQlm/,True,landing URL,2025-03-27,2025-03-27,1,esentire_tycoon2fa_2025-03-27.txt
635,url,Network activity,hxxps[://]uz5k[.]vsmaemhjvk[.]ru/vHFigT/,True,landing URL,2025-03-27,2025-03-27,1,esentire_tycoon2fa_2025-03-27.txt
636,url,Network activity,hxxps[://]v6o3z[.]purpxqha[.]ru/ando!e93x7jk,True,'check' URL (pre-landing redirect),2025-04-10,2025-04-10,1,esentire_tycoon2fa_2025-04-10.txt
637,url,Network activity,hxxps[://]v6wh[.]ablomholti[.]ru/DEza8W0M/,True,landing URL,2025-03-27,2025-03-27,1,esentire_tycoon2fa_2025-03-27.txt
638,url,Network activity,hxxps[://]varnish[.]widoupoo[.]network/1C@Al7jhc,True,'check' URL (pre-landing redirect),2026-03-23,2026-03-23,1,esentire_tycoon2fa_2026-03-23.txt
639,url,Network activity,hxxps[://]ve[.]aleonanob[.]ru/CqUns/,True,landing URL,2025-03-27,2025-03-27,1,esentire_tycoon2fa_2025-03-27.txt
640,url,Network activity,hxxps[://]vla8[.]ntityptatury[.]ru/QhNGlGa/,True,landing URL,2025-03-27,2025-03-27,1,esentire_tycoon2fa_2025-03-27.txt
641,url,Network activity,hxxps[://]vp91ht[.]zvaznx[.]ru/loray$ygp7y6,True,'check' URL (pre-landing redirect),2025-03-27,2025-04-10,2,esentire_tycoon2fa_2025-03-27.txt; esentire_tycoon2fa_2025-04-10.txt
642,url,Network activity,hxxps[://]vph6l[.]zpimlc[.]ru/ando!2vcdmx,True,'check' URL (pre-landing redirect),2025-04-10,2025-04-10,1,esentire_tycoon2fa_2025-04-10.txt
643,url,Network activity,hxxps[://]vqmmx[.]pnkptj[.]ru/gando!hknpgzv,True,'check' URL (pre-landing redirect),2025-04-10,2025-04-10,1,esentire_tycoon2fa_2025-04-10.txt
644,url,Network activity,hxxps[://]vtsz[.]aezeib[.]ru/kabutar!7jok8rj,True,'check' URL (pre-landing redirect),2025-03-27,2025-04-10,2,esentire_tycoon2fa_2025-03-27.txt; esentire_tycoon2fa_2025-04-10.txt
645,url,Network activity,hxxps[://]vu[.]pdglkps[.]ru/2S9FJ90/,True,landing URL,2025-03-27,2025-03-27,1,esentire_tycoon2fa_2025-03-27.txt
646,url,Network activity,hxxps[://]vx[.]wildbberis[.]ru/TUrOKQf/,True,landing URL,2025-03-27,2025-03-27,1,esentire_tycoon2fa_2025-03-27.txt
647,url,Network activity,hxxps[://]w0re[.]stadrourea[.]ru/barfi!4yroa,True,'check' URL (pre-landing redirect),2026-03-23,2026-03-23,1,esentire_tycoon2fa_2026-03-23.txt
648,url,Network activity,hxxps[://]w2cc[.]pnkptj[.]ru/kella@aok5y,True,'check' URL (pre-landing redirect),2025-04-10,2025-04-10,1,esentire_tycoon2fa_2025-04-10.txt
649,url,Network activity,hxxps[://]w3ff[.]aezeib[.]ru/tatay!nasmd,True,'check' URL (pre-landing redirect),2025-03-27,2025-04-10,2,esentire_tycoon2fa_2025-03-27.txt; esentire_tycoon2fa_2025-04-10.txt
650,url,Network activity,hxxps[://]w8[.]mzwxwdjyr[.]ru/cDDuTc/,True,landing URL,2025-03-27,2025-03-27,1,esentire_tycoon2fa_2025-03-27.txt
651,url,Network activity,hxxps[://]wa[.]auoranest[.]ru/LorC4gArX/,True,landing URL,2025-03-27,2025-03-27,1,esentire_tycoon2fa_2025-03-27.txt
652,url,Network activity,hxxps[://]wjgx[.]jaamzjd[.]ru/machlo!gdcrwj,True,'check' URL (pre-landing redirect),2025-03-27,2025-04-10,2,esentire_tycoon2fa_2025-03-27.txt; esentire_tycoon2fa_2025-04-10.txt
653,url,Network activity,hxxps[://]wul[.]ulxmrerpi[.]ru/XfCgPt/,True,landing URL,2025-03-27,2025-03-27,1,esentire_tycoon2fa_2025-03-27.txt
654,url,Network activity,hxxps[://]www[.]alnaharegypt[.]com/t~467369,True,'check' URL (pre-landing redirect),2026-03-23,2026-03-23,1,esentire_tycoon2fa_2026-03-23.txt
655,url,Network activity,hxxps[://]xl[.]rknqkmex[.]ru/cbWJFhxm/,True,landing URL,2025-03-27,2025-03-27,1,esentire_tycoon2fa_2025-03-27.txt
656,url,Network activity,hxxps[://]xr6o[.]hqfyed[.]ru/machlo@qn6yj7,True,'check' URL (pre-landing redirect),2025-04-10,2025-04-10,1,esentire_tycoon2fa_2025-04-10.txt
657,url,Network activity,hxxps[://]xue1y[.]kdyukk[.]ru/kabutar@iagsc3u,True,'check' URL (pre-landing redirect),2025-03-27,2025-04-10,2,esentire_tycoon2fa_2025-03-27.txt; esentire_tycoon2fa_2025-04-10.txt
658,url,Network activity,hxxps[://]xuon[.]ajcffp[.]ru/kabutar@bhcqm2x,True,'check' URL (pre-landing redirect),2025-03-27,2025-04-10,2,esentire_tycoon2fa_2025-03-27.txt; esentire_tycoon2fa_2025-04-10.txt
659,url,Network activity,hxxps[://]y0hk[.]ajcffp[.]ru/phudi$iyqlv,True,'check' URL (pre-landing redirect),2025-03-27,2025-04-10,2,esentire_tycoon2fa_2025-03-27.txt; esentire_tycoon2fa_2025-04-10.txt
660,url,Network activity,hxxps[://]y71j[.]enoqeg[.]ru/ando$e8k5dhct,True,'check' URL (pre-landing redirect),2025-03-27,2025-04-10,2,esentire_tycoon2fa_2025-03-27.txt; esentire_tycoon2fa_2025-04-10.txt
661,url,Network activity,hxxps[://]yozgu[.]aldfphv[.]ru/kabutar@1ut8n,True,'check' URL (pre-landing redirect),2025-03-27,2025-04-10,2,esentire_tycoon2fa_2025-03-27.txt; esentire_tycoon2fa_2025-04-10.txt
662,url,Network activity,hxxps[://]ysylj[.]tljepz[.]ru/kabutar@o10lcug,True,'check' URL (pre-landing redirect),2025-04-10,2025-04-10,1,esentire_tycoon2fa_2025-04-10.txt
663,url,Network activity,hxxps[://]yx3cf5[.]gijbwpyq[.]ru/chiriya@ywbxc,True,'check' URL (pre-landing redirect),2025-04-10,2025-04-10,1,esentire_tycoon2fa_2025-04-10.txt
664,url,Network activity,hxxps[://]z5u[.]mlniojjrwm[.]ru/tatay@q8uc,True,'check' URL (pre-landing redirect),2025-04-10,2025-04-10,1,esentire_tycoon2fa_2025-04-10.txt
665,url,Network activity,hxxps[://]zhf[.]aleonanob[.]ru/CqUns/,True,landing URL,2025-03-27,2025-03-27,1,esentire_tycoon2fa_2025-03-27.txt
666,url,Network activity,hxxps[://]zxf1l[.]jbvlyhre[.]ru/nwxlN/,True,landing URL,2025-03-27,2025-03-27,1,esentire_tycoon2fa_2025-03-27.txt
667,url,Network activity,hxxps[://]zyvk[.]fgaiuin[.]ru/vEWf_VsEQpE6SZ7Y1x7k/,True,landing URL,2025-03-27,2025-03-27,1,esentire_tycoon2fa_2025-03-27.txt
